lambda,beta,M_max,GMPE_n,Vs30,IM_med_SL,IM_med_MOD,IM_med_EXT,IM_med_COL,std_ln_SL,std_ln_MOD,std_ln_EXT,std_ln_COL
0.24467,0.8053,7.3,2,548.43,0.14768,0.61247,1.064,1.8584,0.43809,0.52033,0.68432,0.25637
0.30065,1.3543,7.3,3,1109.2,0.18066,0.71886,1.0729,1.8135,0.36612,0.41603,0.49855,0.73289
0.33223,0.77246,7.3,5,269.75,0.092129,0.64436,0.99161,1.8346,0.45423,0.78257,0.4424,0.56286
0.37252,0.66712,7.3,5,341.79,0.15149,0.41987,0.91047,1.3623,0.40882,0.5288,0.29786,0.56547
0.50269,0.74633,7.3,3,850.06,0.22152,0.69104,0.9732,1.8499,0.56484,0.3035,0.33547,0.30129
0.24379,0.8282,7.3,2,770.27,0.17604,0.58415,0.8207,1.4114,0.46702,0.19062,0.45239,0.03
0.39113,0.8324,7.3,1,758.83,0.1213,0.54297,0.90507,1.5288,0.30812,0.64661,0.54097,0.52114
0.13629,1.0535,7.3,4,657.18,0.19945,0.56325,0.94954,1.552,0.33124,0.43302,0.37365,0.47302
0.50368,0.94094,7.3,2,828.34,0.24754,0.81517,1.1373,1.5963,0.45233,0.6222,0.58982,1.0492
0.47744,1.1759,7.3,3,966.23,0.226,0.40811,0.71248,1.2601,0.29665,0.36066,0.67025,0.86676
0.25673,0.74443,7.3,4,608.62,0.20717,0.68131,0.83536,1.2897,0.46111,0.39487,0.62142,0.73677
0.39581,1.2401,7.3,2,1109.6,0.1255,0.47495,0.73598,1.1921,0.25803,0.4525,0.13613,0.66371
0.31447,0.54718,7.3,1,697.16,0.13375,0.62875,0.88192,1.7243,0.4838,0.65391,0.82285,0.93202
0.71428,1.2628,7.3,1,761.14,0.1604,0.42818,0.80511,1.7631,0.30572,0.40224,0.34951,0.62252
0.73536,0.92716,7.3,1,857.14,0.14022,0.332,0.57168,1.1392,0.45038,0.53436,0.34094,0.47661
0.4755,1.05,7.3,5,531.86,0.14558,0.40266,0.75574,1.3934,0.27197,0.64422,0.61285,0.5623
0.61909,0.41037,7.3,1,976.42,0.18394,0.63478,0.92893,1.3314,0.41679,0.69343,0.62233,0.60567
0.38185,0.61898,7.3,2,884.17,0.10302,0.48713,0.64015,1.2208,0.18194,0.69828,0.47669,0.6174
0.53187,1.3526,7.3,1,811.72,0.18084,0.6197,0.97947,1.6193,0.37966,0.67043,0.73898,0.82091
0.35792,1.6087,7.3,4,513.57,0.16835,0.51925,0.92599,1.3014,0.33645,0.47617,0.87724,0.65636
0.25827,0.91745,7.3,2,965.2,0.22503,0.58278,0.85881,1.361,0.30328,0.5254,0.5516,0.85258
0.59364,1.1811,7.3,3,662.28,0.21081,0.50666,0.81646,1.5065,0.32377,0.54326,0.58942,0.88395
0.44944,1.5344,7.3,1,965.07,0.14604,0.5945,0.76474,1.3134,0.53493,0.48909,0.50983,0.50531
0.23826,1.5321,7.3,2,245.21,0.19709,0.62301,0.83218,1.4357,0.37175,0.91654,0.48067,0.79901
0.56625,0.44046,7.3,3,624.39,0.13778,0.5372,0.9525,1.4223,0.48009,0.5927,0.47223,0.61693
0.48406,0.68467,7.3,3,799.77,0.10314,0.60511,0.8594,1.2743,0.47779,0.30292,0.58997,0.78395
0.43866,0.87479,7.3,3,902.75,0.045252,0.46939,0.66866,1.0611,0.35709,0.63345,0.58201,0.48544
0.42092,1.4206,7.3,1,755.01,0.11748,0.59496,0.98567,1.7569,0.39371,0.22896,0.76249,0.94286
0.31194,0.58968,7.3,4,1195.9,0.15847,0.5662,0.63867,1.1536,0.67051,0.35197,0.23632,0.68462
0.42732,0.91224,7.3,1,1255.8,0.10879,0.48381,0.83589,1.5874,0.45963,0.35092,0.50801,0.55325
0.54368,1.3813,7.3,3,744.75,0.20252,0.62238,0.97963,1.4894,0.39133,0.34409,0.5539,0.653
0.22763,1.0198,7.3,2,952.62,0.091302,0.42155,0.8006,1.3158,0.46738,0.44742,0.83492,0.70512
0.21165,1.1354,7.3,2,755.52,0.21947,0.36721,0.63687,1.4057,0.52487,0.67986,0.48259,0.69743
0.53758,0.90334,7.3,4,958.23,0.20255,0.68407,1.0082,1.7051,0.40055,0.27309,0.68096,1.0704
0.45452,1.2365,7.3,3,447.16,0.11646,0.55749,0.7725,1.3244,0.36646,0.50582,0.59268,0.83143
0.41706,1.2786,7.3,1,515.3,0.18373,0.46774,0.70573,1.0877,0.55385,0.47643,0.51047,0.17128
0.30395,0.85276,7.3,3,1016.9,0.18509,0.42047,0.67898,1.588,0.36871,0.52986,0.61212,0.62402
0.26117,1.5392,7.3,2,995.37,0.11758,0.50809,0.82709,1.4863,0.39577,0.27975,0.5362,0.77139
0.50895,1.1772,7.3,4,637.41,0.14237,0.49967,0.8735,1.8681,0.31595,0.38706,0.73473,0.90846
0.36174,0.80926,7.3,2,840.02,0.19382,0.50122,0.86542,2.0762,0.64634,0.17727,0.72832,0.35222
0.23594,1.181,7.3,5,660.76,0.12107,0.30557,0.44064,0.8119,0.37422,0.48308,0.34041,0.88879
0.46676,0.83943,7.3,3,614.33,0.077163,0.47924,0.73187,1.4293,0.43949,0.73429,0.3603,0.49733
0.31528,0.95348,7.3,3,715.43,0.12881,0.28728,0.60352,1.2455,0.044016,0.6436,0.64115,0.97572
0.53791,1.1836,7.3,2,613.59,0.066059,0.3661,0.50941,1.0406,0.39832,0.53492,0.39611,0.95664
0.56556,0.6867,7.3,1,277.52,0.13005,0.48126,0.8621,1.7168,0.34321,0.46257,0.77406,0.6286
0.39786,0.89631,7.3,3,726.79,0.11451,0.25203,0.61257,1.1498,0.33971,0.4974,0.76205,0.57657
0.43216,0.64858,7.3,5,878.4,0.10141,0.43479,0.64318,1.4844,0.42245,0.23084,0.59162,0.75258
0.40404,0.79432,7.3,1,849.96,0.21149,0.36472,0.88408,1.6516,0.63688,0.5455,0.69713,0.55932
0.44661,1.2779,7.3,2,803.01,0.1314,0.35286,0.67744,1.113,0.30383,0.47776,0.63142,1.043
0.48269,0.5555,7.3,5,673.12,0.15545,0.70123,1.3235,1.9754,0.43744,0.49266,0.5601,0.34139
0.29457,0.83258,7.3,4,630.31,0.15245,0.5248,0.90153,1.2087,0.39109,0.50462,0.62201,0.97205
0.52843,0.99146,7.3,2,1058.3,0.13956,0.53251,0.61687,1.345,0.36435,0.54395,0.42953,0.63469
0.41979,0.55711,7.3,2,816.55,0.17526,0.49162,0.95242,1.4086,0.31133,0.47941,0.63195,0.68044
0.23379,1.0777,7.3,3,574.41,0.11939,0.6179,0.89993,1.6005,0.24132,0.58645,0.41881,0.37096
0.2811,0.39439,7.3,4,681.43,0.20856,0.71197,1.0564,2.0595,0.19945,0.45917,0.4065,0.93149
0.44541,1.0599,7.3,4,919.38,0.088952,0.51691,0.88617,1.6106,0.43235,0.28973,0.3317,1.0286
0.24407,1.1278,7.3,5,600.31,0.17335,0.52207,0.92517,1.6528,0.43984,0.65194,0.27913,0.68134
0.28199,0.61899,7.3,4,488.29,0.12708,0.58102,0.95022,1.9469,0.33684,0.48362,0.65656,0.56427
0.27923,0.85443,7.3,2,514.63,0.13168,0.53698,0.6342,1.1446,0.40917,0.47876,0.62839,0.55495
0.59018,1.1783,7.3,5,998.24,0.13387,0.60942,0.85622,1.2435,0.43671,0.22014,0.2634,0.56162
0.45803,0.91706,7.3,4,837.52,0.17038,0.39367,0.77717,1.5148,0.59737,0.4752,0.45863,0.59816
0.51515,0.44273,7.3,2,735.56,0.10325,0.46677,0.91989,1.4728,0.36103,0.28261,0.60368,0.87674
0.33448,1.0122,7.3,2,947.71,0.12352,0.32266,0.67678,1.3237,0.39456,0.31416,0.79294,0.66642
0.43185,1.0849,7.3,5,776.25,0.12774,0.56653,0.80829,1.4549,0.44525,0.74679,0.62159,0.96082
0.44045,1.0191,7.3,1,700.04,0.10292,0.57742,0.81427,1.8213,0.44183,0.32972,0.60863,0.6032
0.44511,1.13,7.3,4,354.53,0.14576,0.49636,0.72512,1.3638,0.44616,0.39266,0.38054,0.74913
0.27409,1.1269,7.3,2,841.17,0.096377,0.46609,0.855,1.5323,0.65677,0.60337,0.91988,0.73992
0.52887,1.3899,7.3,5,684.54,0.21313,0.66073,0.96771,2.1285,0.29083,0.40828,0.61616,0.52817
0.56808,0.68506,7.3,2,806.3,0.18561,0.50036,0.88564,1.7402,0.66427,0.57337,0.34855,0.58671
0.40937,0.46408,7.3,4,1418.2,0.15524,0.46054,0.68862,1.5078,0.33949,0.55828,0.838,0.65683
0.26667,1.2448,7.3,1,526.94,0.1616,0.45053,0.85582,1.3942,0.4332,0.60649,0.36306,0.85939
0.51158,0.90154,7.3,3,1031.5,0.21616,0.57122,0.8815,1.3492,0.33237,0.27876,0.65352,0.8541
0.23117,0.63563,7.3,5,906.48,0.17616,0.74837,1.2312,1.8522,0.45217,0.62129,0.31244,0.33315
0.34115,1.3335,7.3,2,502.36,0.16634,0.48951,0.65796,1.0043,0.56376,0.22632,0.39884,0.55777
0.49558,0.84775,7.3,1,1005.5,0.10662,0.30879,0.52496,1.7692,0.52099,0.63703,0.38557,0.51856
0.43849,1.2696,7.3,4,1084.7,0.14094,0.52971,0.86929,1.3531,0.41575,0.33937,0.61184,0.7091
0.619,1.1132,7.3,4,817.46,0.15747,0.50616,0.84731,1.3413,0.39292,0.44445,0.61201,0.68427
0.4151,1.4357,7.3,2,894.35,0.15843,0.47821,0.72331,1.5281,0.40736,0.30739,0.63084,0.66756
0.55399,1.1341,7.3,3,450.17,0.20536,0.51187,0.83879,1.511,0.49682,0.20831,0.6347,0.88896
0.51283,1.1937,7.3,5,1037.8,0.12432,0.58186,0.97972,1.7644,0.34324,0.59166,0.71615,0.63735
0.29048,0.8129,7.3,5,699.94,0.17372,0.586,0.76129,1.6039,0.44751,0.55156,0.48763,0.38311
0.33546,0.82143,7.3,4,131.69,0.11067,0.34166,0.79322,1.5727,0.44314,0.86816,0.80136,0.70991
0.43277,1.4834,7.3,3,906.73,0.13447,0.61022,0.93815,1.6319,0.7496,0.45569,0.31063,0.5559
0.37734,0.8953,7.3,5,1004.5,0.23777,0.7795,0.99308,1.9404,0.36109,0.52272,0.55989,0.54938
0.1552,1.0493,7.3,5,1183.7,0.12664,0.63296,1.0022,1.9698,0.46781,0.49103,0.57416,0.66266
0.46527,0.50903,7.3,1,339.6,0.12578,0.55062,1.0431,2.0891,0.31669,0.34269,0.70913,0.87416
0.28131,1.1744,7.3,2,276.83,0.14285,0.44967,1.017,2.1331,0.27805,0.46783,0.33857,0.77526
0.23372,0.96133,7.3,3,790.49,0.096786,0.37643,0.89906,1.8407,0.25313,0.60569,0.75093,0.8115
0.52664,1.1299,7.3,4,729.41,0.12925,0.63906,0.93347,1.6258,0.3242,0.57188,0.89545,0.44285
0.18841,0.92647,7.3,1,954.71,0.17217,0.56838,0.74728,1.568,0.36219,0.36301,0.70202,0.85189
0.2903,0.67437,7.3,2,1118.4,0.16094,0.50461,0.96512,1.7258,0.2422,0.66144,0.64604,0.84681
0.1,1.5042,7.3,2,1018.3,0.24144,0.69762,0.95287,1.7693,0.41433,0.6169,0.56809,0.88402
0.57128,1.0529,7.3,3,914.46,0.15564,0.54087,0.99909,1.5996,0.52727,0.67043,0.7726,0.48522
0.41183,0.37857,7.3,3,1198.1,0.15869,0.54924,0.99619,2.0209,0.39525,0.61703,0.58209,0.30643
0.31944,1.0633,7.3,4,589.47,0.18134,0.43841,0.68836,1.6586,0.40623,0.38678,0.54693,0.95748
0.50328,0.82515,7.3,3,320.97,0.08909,0.61148,1.0396,1.8443,0.1011,0.62959,0.50779,0.54802
0.40397,1.0055,7.3,4,916.01,0.19732,0.63557,0.99009,1.3215,0.43441,0.29984,0.35574,0.60982
0.37866,1.4484,7.3,3,604.8,0.10351,0.37884,0.78641,1.4831,0.38619,0.35919,0.89566,0.65652
0.45653,0.87256,7.3,3,713.67,0.14041,0.44817,0.83816,1.3804,0.28856,0.48012,0.30724,0.21506
0.31424,1.5059,7.3,1,842.04,0.12202,0.50484,0.74383,1.1969,0.60938,0.41718,0.63725,0.5232
0.27695,1.1096,7.3,1,770.32,0.15592,0.57012,0.86601,1.6024,0.43087,0.36429,0.50338,0.83822
0.32425,0.67088,7.3,2,691.79,0.15671,0.50637,0.92753,1.6065,0.49693,0.54209,0.35253,0.87947
0.35551,1.5791,7.3,1,428.27,0.12786,0.46305,0.81318,1.3702,0.39916,0.71733,0.71726,1.098
0.46044,1.1869,7.3,3,774.72,0.22199,0.6189,1.0608,1.7235,0.34716,0.41365,0.4131,0.35
0.44015,1.1972,7.3,4,460.42,0.18623,0.50333,0.80839,1.2392,0.51197,0.29704,0.63345,0.58592
0.25469,0.56098,7.3,3,1028.5,0.16408,0.26541,0.59837,1.3096,0.27186,0.38828,0.75861,0.76499
0.66433,1.2562,7.3,2,882.97,0.14285,0.43176,0.64821,1.637,0.45294,0.5139,0.65272,0.56225
0.48875,1.1741,7.3,4,339.18,0.16261,0.42847,0.68928,1.724,0.50443,0.4121,0.47818,0.68238
0.46132,0.72442,7.3,1,1056.1,0.14141,0.59976,0.79435,1.1987,0.47145,0.72787,0.67284,0.66632
0.47315,1.2385,7.3,1,1003.4,0.14146,0.56825,0.99197,1.4589,0.26057,0.31538,0.62594,0.47867
0.25002,1.1553,7.3,4,435.96,0.15284,0.47861,0.6724,0.88101,0.32255,0.48842,0.55432,0.80317
0.39164,1.1484,7.3,3,531.91,0.11619,0.52878,1.0097,1.5439,0.49286,0.40383,0.30945,0.75359
0.37664,1.1992,7.3,4,748.12,0.078628,0.36523,0.74837,1.7194,0.30282,0.50124,0.51377,0.50303
0.44897,0.78695,7.3,1,653.23,0.15289,0.51901,0.87631,1.5329,0.34778,0.44953,0.43663,0.90442
0.38425,0.60795,7.3,1,804.19,0.03,0.35336,0.47805,1.1382,0.32386,0.47961,0.65112,0.67452
0.44141,0.77752,7.3,2,852.2,0.14255,0.40564,0.62027,1.2301,0.31029,0.50188,0.54677,0.75324
0.46812,0.5597,7.3,4,911.57,0.22837,0.56485,0.76307,1.5742,0.44916,0.45649,0.64247,0.42703
0.48194,0.8825,7.3,1,434.37,0.20078,0.41333,0.76419,1.4952,0.30437,0.52033,0.41408,0.76644
0.42879,1.2525,7.3,1,1117.1,0.050704,0.58117,0.82079,1.3421,0.52291,0.66068,0.56116,1.0857
0.1,1.0248,7.3,3,603.76,0.16393,0.65035,1.0822,1.7495,0.50146,0.63599,0.78278,0.99035
0.45466,1.0944,7.3,4,1139.3,0.074208,0.37358,0.71491,1.3193,0.37157,0.45585,0.80695,0.7369
0.53237,1.2369,7.3,4,981.21,0.097991,0.44372,0.66315,1.5087,0.56886,0.44237,0.7518,0.78375
0.57525,0.75963,7.3,1,792.59,0.14525,0.58886,0.89093,1.4245,0.56307,0.66544,0.3473,0.45208
0.26225,0.9023,7.3,4,801.36,0.18457,0.43203,0.63359,1.02,0.55602,0.86399,0.49455,0.61654
0.26447,1.0854,7.3,2,559.51,0.16501,0.55375,0.84435,1.6632,0.62835,0.38855,0.5177,0.79904
0.34848,1.3929,7.3,4,640.96,0.060031,0.38294,0.75994,1.3793,0.66845,0.19591,0.63372,0.77367
0.33093,1.0481,7.3,2,379.61,0.19976,0.53207,0.86309,2.0116,0.79815,0.5359,0.81219,0.57556
0.53681,0.36454,7.3,3,604.5,0.14459,0.59116,0.88588,1.5967,0.45262,0.62136,0.62688,0.49672
0.43357,1.2121,7.3,1,525.12,0.18973,0.52607,0.77134,1.7954,0.2311,0.54829,0.36663,0.55207
0.49328,0.68698,7.3,1,764.81,0.13104,0.45581,0.59987,1.519,0.50314,0.61314,0.4658,0.87335
0.39195,1.3205,7.3,3,863.03,0.075222,0.72895,0.91009,1.7467,0.65073,0.63036,0.5428,1.0118
0.26466,0.90483,7.3,1,414.21,0.1538,0.78524,0.96789,1.445,0.25025,0.60121,0.42004,0.72053
0.13261,1.4439,7.3,4,677.46,0.13949,0.3852,0.54478,1.3216,0.42594,0.53865,0.32416,0.65833
0.33058,1.2097,7.3,3,430.64,0.069626,0.23486,0.52154,0.99994,0.27002,0.22945,0.71089,0.45131
0.20305,1.0477,7.3,4,765.45,0.078029,0.53378,0.90101,1.7775,0.51436,0.68943,0.68883,0.32981
0.49323,0.71636,7.3,2,849.58,0.095619,0.41439,0.70184,1.8385,0.32613,0.46899,0.3648,0.48692
0.44472,0.7621,7.3,5,837.65,0.038354,0.44464,0.76362,1.5008,0.21066,0.4786,0.31532,0.49646
0.47849,0.38523,7.3,3,1007.9,0.11388,0.50309,0.87787,1.4148,0.53427,0.55952,0.43099,1.0181
0.39784,0.29235,7.3,3,685.61,0.16239,0.61755,0.95892,1.7374,0.40871,0.41906,0.48745,0.39746
0.30831,0.50222,7.3,4,824.52,0.14771,0.43845,0.64135,1.2769,0.421,0.65125,0.54595,0.46342
0.32433,0.71256,7.3,3,559.02,0.2184,0.70983,1.0317,1.7119,0.35159,0.51926,0.49314,0.77111
0.38522,1.0677,7.3,2,338.57,0.09693,0.38707,0.77206,1.3049,0.27437,0.44326,0.60739,0.41781
0.30839,1.0653,7.3,3,679.19,0.19476,0.41874,0.78548,1.6474,0.1434,0.45883,0.6695,1.0472
0.22823,0.75303,7.3,1,220.34,0.16551,0.52996,0.84352,1.5218,0.44728,0.382,0.37809,0.24407
0.53108,0.69617,7.3,2,1170.4,0.19699,0.54974,1.0101,1.7732,0.55565,0.45775,0.55919,0.36361
0.51696,1.3646,7.3,1,929.74,0.1105,0.64507,0.81109,1.6439,0.38013,0.28648,0.60343,0.84829
0.33415,1.0469,7.3,3,358.05,0.10318,0.53933,0.91033,1.6224,0.34169,0.27376,0.52423,0.72019
0.47931,0.87992,7.3,2,831.69,0.1721,0.51486,0.78871,1.3743,0.23454,0.41624,0.88873,0.69906
0.36703,0.86747,7.3,3,675.55,0.15603,0.38738,0.74337,1.6071,0.40784,0.35873,0.59121,0.87468
0.585,1.1344,7.3,1,1141.8,0.15462,0.53112,0.74491,1.7007,0.31608,0.35543,0.56246,0.83358
0.45407,0.50062,7.3,3,754.64,0.063959,0.38884,0.63244,1.1936,0.45531,0.49344,0.70236,0.7934
0.44347,1.0645,7.3,2,1027.9,0.1629,0.57111,0.84886,1.7855,0.69019,0.58451,0.52568,0.72743
0.30273,1.1649,7.3,3,723.53,0.21937,0.57446,0.89528,1.5336,0.20138,0.32254,0.61164,0.76398
0.41884,1.4177,7.3,4,641.15,0.19289,0.61072,0.94369,1.6002,0.24453,0.43874,0.46524,0.51812
0.4569,0.81423,7.3,3,600.11,0.12026,0.39674,0.64661,1.5553,0.41715,0.45976,0.89943,0.69207
0.32878,0.99622,7.3,4,342.6,0.13935,0.42194,0.69483,1.4212,0.34755,0.33657,0.63387,0.72729
0.61329,1.2321,7.3,2,671.59,0.11917,0.50148,0.91503,1.3947,0.483,0.41329,0.45915,0.93159
0.62801,1.4888,7.3,5,784.45,0.11928,0.50802,0.78656,1.564,0.39223,0.4149,0.62059,0.49967
0.3124,0.57701,7.3,2,738.52,0.13529,0.44936,0.69238,1.5561,0.53445,0.50975,0.57293,0.87704
0.46806,0.47582,7.3,5,1083.4,0.17706,0.65661,0.83575,1.5954,0.32035,0.45943,0.29007,0.44728
0.61303,0.85833,7.3,2,605.11,0.17817,0.69732,0.95053,1.9343,0.42048,0.47069,0.88875,0.37132
0.24572,0.98197,7.3,3,610.41,0.17967,0.54256,0.8539,1.9517,0.41518,0.41641,0.55401,1.0406
0.60997,1.1317,7.3,5,502.13,0.093244,0.41193,0.68509,1.5118,0.457,0.52122,0.55355,0.60305
0.249,1.0604,7.3,4,816.17,0.1839,0.51594,0.88662,1.2219,0.31772,0.453,0.59434,0.96444
0.51874,0.82501,7.3,4,582.88,0.21796,0.50302,0.56451,1.2151,0.40933,0.46665,0.63137,0.89882
0.43347,1.2294,7.3,3,528.19,0.15618,0.62409,0.81653,1.5135,0.12216,0.37537,0.61216,0.31963
0.34416,1.0422,7.3,4,1022,0.15018,0.3831,0.77458,1.545,0.51541,0.50286,0.50569,0.83776
0.34138,0.88812,7.3,5,683.45,0.11659,0.3661,0.65749,1.4855,0.365,0.45878,0.45878,0.89362
0.4799,1.0316,7.3,3,843.14,0.14893,0.50369,0.93316,1.7173,0.35929,0.5177,0.63314,0.59183
0.45017,1.3812,7.3,3,431.86,0.17576,0.50814,0.72599,1.6039,0.28124,0.4949,0.69588,0.61847
0.57551,1.1497,7.3,1,560.51,0.1009,0.2601,0.73809,1.479,0.29265,0.59839,0.58091,1.0639
0.44023,0.88089,7.3,2,294.31,0.14039,0.50797,0.70298,1.8912,0.32369,0.43406,0.54425,0.1916
0.68836,0.46301,7.3,3,955.6,0.15062,0.55741,0.98696,1.6075,0.38444,0.27864,0.46689,0.85262
0.44724,0.91993,7.3,5,363.89,0.21574,0.56245,0.92185,1.596,0.35284,0.64124,0.19574,0.46061
0.22402,1.0535,7.3,1,772.51,0.20976,0.43787,0.75268,1.2445,0.22081,0.42915,0.46815,0.71491
0.38487,0.86974,7.3,4,186.09,0.24159,0.50616,0.72578,1.6087,0.4306,0.67839,0.69951,0.86637
0.3084,1.1394,7.3,3,614.64,0.11031,0.23531,0.56478,1.4396,0.28074,0.77658,0.3804,0.91377
0.65453,0.66357,7.3,4,1030.2,0.20596,0.56808,0.79442,1.5085,0.32002,0.59875,0.5823,0.52969
0.35001,0.89228,7.3,1,816.71,0.12054,0.32172,0.78941,1.432,0.5183,0.54119,0.30984,0.63369
0.6717,1.1597,7.3,1,1093.3,0.22999,0.53735,0.84771,1.2534,0.47861,0.7176,0.32372,0.70928
0.40988,0.50695,7.3,2,838.41,0.10856,0.4131,0.65675,1.4128,0.46839,0.49295,0.55613,0.61299
0.3376,1.1401,7.3,1,339.93,0.11858,0.43393,0.73413,1.2539,0.33583,0.47052,0.61903,0.5865
0.25831,1.0336,7.3,4,705.85,0.16946,0.55363,0.70585,1.1396,0.43383,0.62407,0.29494,0.87482
0.32397,1.449,7.3,5,507.01,0.12631,0.43007,0.61989,1.4744,0.48196,0.52284,0.50585,0.68173
0.14177,0.82405,7.3,3,686.73,0.24208,0.71733,0.8621,1.7319,0.55341,0.29812,0.41475,0.51394
0.44826,0.48432,7.3,3,736.35,0.13721,0.45253,0.76163,1.3777,0.51638,0.68486,0.80887,0.55781
0.37659,1.2223,7.3,4,802.39,0.1848,0.68379,1.1072,1.5159,0.418,0.40649,0.43872,0.82332
0.6677,1.3263,7.3,2,704.75,0.17627,0.56086,0.72155,1.4257,0.49824,0.40107,0.7893,0.37548
0.68799,1.227,7.3,2,782.44,0.16878,0.36968,0.48877,1.1356,0.26983,0.64666,0.5653,0.68612
0.31691,1.4889,7.3,3,718.16,0.16164,0.38072,0.60379,1.2772,0.40036,0.72108,0.53748,0.69334
0.38053,0.5875,7.3,5,763.31,0.1449,0.45757,0.89428,1.8746,0.52425,0.58358,0.38386,1.0325
0.39309,0.6844,7.3,2,557.41,0.16114,0.56656,0.93404,1.3768,0.27039,0.66322,0.803,0.68502
0.42089,1.1433,7.3,2,312.8,0.17688,0.66098,0.9268,1.6732,0.39616,0.76243,0.38081,0.5794
0.45338,1.3667,7.3,4,938.19,0.11846,0.56735,0.81618,1.6417,0.41247,0.41529,0.73896,0.82076
0.39488,1.7112,7.3,2,707.7,0.1657,0.52651,0.78544,1.7513,0.25839,0.47496,0.65898,0.72639
0.37621,1.0344,7.3,1,831.09,0.19926,0.62821,1.0972,1.7814,0.10541,0.39895,0.55062,0.73587
0.35592,1.0837,7.3,1,803.82,0.18812,0.55444,0.88476,1.6035,0.44108,0.75633,0.45183,0.87461
0.57589,1.2256,7.3,1,1150.8,0.1963,0.49758,0.80782,1.5872,0.37109,0.20567,0.57123,0.28633
0.18559,0.92192,7.3,3,961.67,0.18467,0.58482,0.88261,1.3277,0.2866,0.21988,0.54271,0.48725
0.53122,0.9922,7.3,4,724.35,0.10328,0.42248,0.8482,2.001,0.4604,0.72133,0.69387,0.85078
0.29724,1.029,7.3,5,639.92,0.11398,0.50217,1.0285,1.6037,0.49573,0.51017,0.43895,0.7435
0.53279,1.0432,7.3,5,828.73,0.13004,0.58045,0.96889,1.7914,0.6194,0.42281,0.72898,0.59407
0.36514,1.5569,7.3,2,882.45,0.17904,0.50861,1.0068,1.3239,0.30566,0.37913,0.94771,0.76163
0.57628,1.3301,7.3,4,834.09,0.14905,0.50261,0.75011,1.2523,0.45988,0.34712,0.50404,0.63525
0.29612,0.89077,7.3,2,1042.8,0.2141,0.52388,1.0288,1.7183,0.39176,0.84213,0.72921,0.32383
0.23148,1.1416,7.3,2,1057.8,0.13482,0.51412,0.81664,1.2888,0.30492,0.63485,0.59538,0.43257
0.50175,0.74827,7.3,2,875.73,0.17756,0.63333,0.8279,1.5258,0.31468,0.39721,0.59647,0.84822
0.4117,0.84291,7.3,3,862.37,0.075962,0.39017,0.73481,1.1965,0.34846,0.36708,0.47231,0.67852
0.36002,0.58337,7.3,2,573.86,0.11582,0.55122,0.90448,1.5708,0.23417,0.3401,0.6134,0.98338
0.28076,1.0013,7.3,2,989.17,0.13507,0.48915,0.799,1.455,0.21912,0.49563,0.3689,1.1229
0.26277,0.57857,7.3,1,950.36,0.14361,0.31267,0.58689,1.3311,0.48568,0.81286,0.73853,0.99563
0.48032,1.7887,7.3,5,1215.7,0.20128,0.54416,0.90905,1.2131,0.24875,0.50315,0.86693,0.64268
0.58835,1.2459,7.3,3,1024.9,0.12119,0.33534,0.59417,1.5976,0.39176,0.56247,0.43924,0.68247
0.45376,0.56698,7.3,5,831.02,0.11716,0.54474,0.88747,1.6156,0.52605,0.58026,0.54316,0.71207
0.39416,0.85008,7.3,4,494.24,0.15392,0.3647,0.71112,1.5201,0.40369,0.3648,0.42356,0.44726
0.64715,0.84461,7.3,3,674.14,0.23158,0.61425,0.90849,1.7962,0.43451,0.34299,0.7541,0.32158
0.39846,0.45918,7.3,4,1244.5,0.13669,0.32858,0.68975,1.3361,0.12063,0.49381,0.3569,0.46943
0.36558,1.2965,7.3,4,1114.3,0.11028,0.40301,0.64747,1.3563,0.36365,0.47338,0.36207,0.57817
0.33743,0.89177,7.3,2,812.96,0.17121,0.35285,0.67761,1.5996,0.55641,0.43925,0.21892,0.6968
0.72871,1.3398,7.3,3,767.22,0.17093,0.521,0.86781,1.3308,0.34122,0.62558,0.92597,0.70976
0.34267,1.1227,7.3,4,679.76,0.079364,0.45074,0.71733,1.7015,0.31495,0.39396,0.55772,0.72312
0.39951,1.2457,7.3,2,786.09,0.22112,0.64777,0.89561,1.1591,0.54995,0.6939,0.5205,0.78782
0.38021,1.0959,7.3,1,825.17,0.14912,0.4795,0.86057,1.4526,0.124,0.24903,0.52385,0.85316
0.54437,1.7245,7.3,2,324.57,0.11389,0.53355,0.87932,1.672,0.34527,0.74195,0.50618,0.65431
0.36187,0.96579,7.3,4,964.25,0.18043,0.57112,0.93119,1.3582,0.41232,0.3275,0.49314,0.62916
0.35126,1.0354,7.3,5,394.15,0.12914,0.69234,0.9327,1.7329,0.43606,0.3595,0.73219,0.49918
0.47596,1.2999,7.3,4,450.11,0.14699,0.44923,0.7187,1.7595,0.34559,0.47639,0.48423,0.24159
0.34036,0.8927,7.3,1,733.05,0.16611,0.6418,1.0254,1.5219,0.38957,0.62104,0.46181,0.55255
0.31262,0.98349,7.3,4,862.39,0.079546,0.51999,0.88813,1.4886,0.30135,0.3802,0.43653,0.60892
0.54995,1.0724,7.3,3,389.72,0.14629,0.56143,0.86785,1.1307,0.41496,0.57855,0.48887,0.54501
0.51101,0.17945,7.3,4,335.09,0.18339,0.52828,0.71782,1.1514,0.27517,0.44201,0.28991,0.7428
0.42365,1.0581,7.3,5,1147.3,0.18005,0.54094,0.76294,1.3729,0.4484,0.26277,0.73655,0.79801
0.32186,0.95638,7.3,5,923.88,0.17536,0.69281,0.86408,1.8472,0.3082,0.56526,0.50283,0.93587
0.46475,1.4364,7.3,4,1116.4,0.1805,0.7033,1.1413,1.8425,0.5191,0.43638,0.52122,0.3668
0.47231,0.88099,7.3,5,737.57,0.19801,0.67388,0.91197,1.5424,0.46264,0.39044,0.4587,0.58265
0.33248,1.5187,7.3,4,698.7,0.10881,0.44559,0.80719,1.3604,0.22227,0.74611,0.41904,0.32005
0.27793,1.0756,7.3,4,670.67,0.19816,0.56126,0.8921,1.8067,0.25999,0.5467,0.57495,0.47427
0.6945,0.81443,7.3,5,794.45,0.09027,0.56289,0.92451,1.757,0.31166,0.62085,0.50881,0.15346
0.38647,1.2929,7.3,5,805.68,0.13486,0.43236,0.7719,1.3557,0.44213,0.38876,0.29243,0.76635
0.52156,1.0393,7.3,5,993.25,0.12291,0.41904,0.65347,1.6464,0.42201,0.30569,0.44542,0.65401
0.25937,0.89069,7.3,2,837.9,0.11357,0.31696,0.68758,1.4325,0.40078,0.60909,0.65657,0.32363
0.46641,0.97201,7.3,1,814.68,0.13076,0.49875,0.84815,1.4453,0.44014,0.52987,0.60583,0.99563
0.38286,1.1469,7.3,5,655.7,0.15569,0.60926,0.94174,1.6289,0.45493,0.23067,0.62019,0.3549
0.37755,1.4204,7.3,3,587.27,0.086444,0.22117,0.55821,1.2212,0.096161,0.5399,0.43213,0.89712
0.26427,0.91773,7.3,3,627.35,0.14223,0.55076,0.84007,1.3716,0.33143,0.39409,0.5989,0.6525
0.299,1.2027,7.3,5,660.93,0.15728,0.34515,0.54828,1.3358,0.38036,0.42893,0.39578,0.5861
0.44955,1.0572,7.3,1,885.69,0.080187,0.43328,0.63583,1.4711,0.5135,0.76963,0.67449,0.95012
0.43246,1.2011,7.3,5,880.06,0.085925,0.37904,0.63734,1.2267,0.5506,0.67009,0.67755,0.70461
0.53343,1.0625,7.3,1,778.18,0.11297,0.41388,0.67345,1.3391,0.40651,0.37429,0.45485,0.90007
0.10984,1.0984,7.3,4,615.91,0.11512,0.45213,0.81037,1.8866,0.17903,0.47542,0.54021,0.75693
0.5182,0.75304,7.3,3,297.3,0.19229,0.55321,0.89767,1.4723,0.42458,0.44354,0.72801,0.55256
0.40047,1.0996,7.3,4,886.34,0.12285,0.55964,0.78507,1.6272,0.3358,0.5113,0.52696,0.93963
0.2891,1.1032,7.3,2,1225.9,0.13742,0.535,0.8714,1.8664,0.49478,0.51306,0.87694,0.72756
0.34737,1.1139,7.3,2,209.55,0.13309,0.35285,0.76627,1.6256,0.31175,0.54238,0.76866,0.635
0.30271,1.3267,7.3,3,666.76,0.11521,0.41633,0.88406,1.2866,0.36343,0.49178,0.51273,0.47133
0.56215,1.2985,7.3,5,968.28,0.10229,0.23401,0.6023,1.2506,0.54961,0.52155,0.64818,0.5352
0.47966,1.0626,7.3,3,883.12,0.16643,0.58235,0.98744,1.7977,0.27034,0.38079,0.86748,0.45949
0.54112,0.88024,7.3,4,686.79,0.17197,0.35693,0.59616,1.396,0.20988,0.34267,0.65877,0.94252
0.35113,1.1518,7.3,3,806.61,0.11288,0.51563,0.73429,1.662,0.46053,0.69543,0.32944,0.80925
0.49378,0.96167,7.3,5,848.19,0.14291,0.60123,0.99357,1.6015,0.41934,0.54728,0.80756,0.83026
0.41956,0.92352,7.3,4,938.58,0.11078,0.49182,1.0608,1.7918,0.56919,0.38145,0.81075,0.46113
0.53665,0.97659,7.3,2,750.04,0.1017,0.60262,0.88768,1.5291,0.26952,0.33672,0.67946,0.84752
0.39492,0.90561,7.3,4,737.9,0.11217,0.28878,0.61732,1.4479,0.60625,0.56453,0.37315,0.45973
0.45309,0.90747,7.3,3,643.79,0.14693,0.50525,0.77187,1.4565,0.43657,0.63831,0.62558,0.96444
0.4776,1.1204,7.3,5,629.2,0.24365,0.54483,0.87877,2.1724,0.2797,0.57724,0.41207,1.0851
0.33795,0.96117,7.3,2,452.9,0.14726,0.45294,0.76004,1.7733,0.60768,0.46111,0.56245,0.51052
0.40776,1.3983,7.3,1,905.61,0.18461,0.36908,0.56634,1.2616,0.41323,0.51142,0.46623,0.68893
0.3631,1.2012,7.3,1,857.39,0.1586,0.51445,0.85643,1.5484,0.3868,0.66465,0.84282,0.63225
0.44173,0.79249,7.3,2,880.26,0.22208,0.48602,0.84309,1.3497,0.42039,0.94351,0.58193,0.65832
0.5207,0.98523,7.3,5,428.92,0.11476,0.69376,1.1638,1.6671,0.40685,0.58516,0.4215,0.41425
0.37504,0.90198,7.3,2,725.7,0.16231,0.4857,0.91162,1.5273,0.4543,0.42639,0.88056,0.76793
0.32831,1.091,7.3,4,588.72,0.13097,0.47899,0.88916,1.3061,0.47038,0.73534,0.32027,0.38226
0.5969,1.617,7.3,4,780.48,0.22001,0.59422,0.89129,1.4105,0.23544,0.24936,0.74207,0.43434
0.42725,1.5122,7.3,3,1370.5,0.13039,0.18133,0.30073,0.6678,0.39675,0.82113,0.40412,0.68536
0.35476,1.1532,7.3,1,759.8,0.278,0.61417,0.90395,1.5239,0.20239,0.49539,0.49707,0.33961
0.45138,0.94369,7.3,4,738.56,0.22622,0.6135,1.0224,1.4317,0.37786,0.61056,0.74642,0.13738
0.38415,0.82317,7.3,2,1046,0.16359,0.64228,0.92297,1.5897,0.34679,0.58344,0.43859,0.61814
0.29362,1.343,7.3,2,1009.6,0.093212,0.42855,0.59665,1.3779,0.55479,0.41163,0.78555,0.36151
0.37832,1.0391,7.3,2,629.19,0.12572,0.55845,0.9145,1.4673,0.48374,0.57736,0.47679,0.52435
0.37117,1.1759,7.3,4,1120.7,0.119,0.53528,0.96516,2.0505,0.2611,0.44247,0.38762,0.57741
0.28766,1.031,7.3,1,1104.3,0.1754,0.37689,0.67099,1.2033,0.26501,0.42823,0.66292,0.5891
0.55967,1.0794,7.3,3,519.1,0.093463,0.38127,0.7457,1.1512,0.41444,0.63417,0.6697,0.32854
0.45288,1.0164,7.3,1,779.17,0.19632,0.45764,0.75265,1.5683,0.19551,0.74838,0.63018,0.45033
0.43323,1.0664,7.3,5,892.63,0.071635,0.44607,0.70896,1.1668,0.60481,0.69006,0.32429,0.82208
0.49129,1.0273,7.3,3,683.99,0.11847,0.48694,0.63342,1.2889,0.34197,0.44712,0.41572,1.0117
0.41644,0.95497,7.3,2,740.12,0.14045,0.55197,0.58197,1.3286,0.35211,0.39847,0.41543,0.44683
0.4655,0.83161,7.3,1,937.21,0.15833,0.35154,0.4728,1.5884,0.51154,0.41536,0.4186,0.93418
0.60011,0.46024,7.3,4,464.99,0.15606,0.46711,0.77226,1.7037,0.28076,0.47382,0.72057,0.72241
0.6085,0.85878,7.3,5,657.56,0.19233,0.52117,0.8658,1.5432,0.36099,0.69112,0.78667,1.004
0.24944,0.72922,7.3,2,826.75,0.18102,0.55568,0.76577,1.5683,0.26514,0.49282,0.64013,1.0006
0.24466,1.1644,7.3,4,550.92,0.077439,0.42957,0.63884,1.4881,0.29552,0.37651,0.45974,0.60741
0.2842,0.77944,7.3,2,1126.8,0.061227,0.48082,0.64852,1.1996,0.50828,0.33526,0.18717,0.5191
0.45632,1.4428,7.3,5,873.52,0.19387,0.44761,0.97513,1.8331,0.36151,0.62036,0.36712,0.6835
0.19578,1.1517,7.3,4,1020.1,0.15428,0.51642,0.80931,1.6402,0.50213,0.5779,0.70354,0.71172
0.18596,1.2078,7.3,4,770.52,0.16634,0.57644,0.78362,1.5364,0.29799,0.58959,0.7489,0.64298
0.40085,1.0405,7.3,5,460.93,0.13631,0.4746,0.85994,1.4889,0.48512,0.51299,0.28299,0.71948
0.15831,0.67937,7.3,2,1214.9,0.1561,0.51508,0.77912,1.3461,0.27118,0.54472,0.39661,0.65882
0.35478,0.94972,7.3,5,887.2,0.1254,0.63834,0.91856,1.5476,0.43514,0.16515,0.47744,0.40088
0.41387,0.86113,7.3,4,796.76,0.14797,0.53598,0.89993,1.3381,0.28048,0.43475,0.6943,0.60512
0.38312,0.62093,7.3,4,1021.1,0.15992,0.45809,0.70605,1.2829,0.47476,0.24491,0.45847,0.60544
0.41681,1.1261,7.3,3,1396,0.14966,0.47172,0.56957,1.6599,0.24663,0.44181,0.32053,1.0252
0.41574,0.9027,7.3,5,787.1,0.058631,0.45761,0.85585,1.5356,0.54196,0.58638,0.70171,0.85582
0.35112,1.4023,7.3,4,835.07,0.2046,0.45207,0.72188,1.2197,0.32342,0.43819,0.76366,0.03
0.48333,1.3641,7.3,1,1235.5,0.18094,0.57788,0.86267,1.8394,0.50412,0.66151,0.53622,0.96803
0.46317,0.84916,7.3,4,821.09,0.1302,0.3566,0.77693,1.2946,0.35925,0.43486,0.63377,1.0733
0.44091,0.66509,7.3,2,236.56,0.15879,0.37487,0.6441,1.431,0.4201,0.40258,0.41112,0.55103
0.40863,0.72338,7.3,5,837.07,0.22044,0.65413,0.8138,1.2716,0.28852,0.34053,0.53974,0.75719
0.34747,0.99969,7.3,1,791.47,0.12018,0.29072,0.72168,1.2379,0.32139,0.27883,0.53206,0.57301
0.4499,1.046,7.3,2,664.71,0.18991,0.62261,0.80557,1.4473,0.39061,0.68916,0.44282,0.65717
0.60341,0.72881,7.3,1,256.51,0.067077,0.51132,0.72455,1.2879,0.088093,0.69954,0.77605,0.50319
0.44405,0.7185,7.3,3,945.04,0.18187,0.41927,0.67035,1.4346,0.51122,0.55874,0.76589,0.94913
0.59185,1.1302,7.3,3,1075.8,0.19396,0.56865,0.72796,1.0707,0.38311,0.4613,0.56012,0.76079
0.37506,0.95405,7.3,3,988.47,0.11184,0.51517,0.75353,1.4322,0.30613,0.3212,0.53702,0.9329
0.45861,1.1207,7.3,5,427.25,0.10149,0.52004,0.91553,1.5596,0.34312,0.38198,0.55922,0.78775
0.29901,0.80423,7.3,2,583.8,0.16453,0.3949,0.58413,1.2085,0.35456,0.52497,0.68959,1.1283
0.43097,0.41269,7.3,3,1006.2,0.1473,0.60974,0.95558,1.7863,0.39178,0.33828,0.57455,0.96097
0.40415,1.0203,7.3,5,696.55,0.1625,0.6179,0.85322,1.4066,0.64626,0.66473,0.54341,0.88024
0.1,0.9858,7.3,3,662.56,0.12516,0.45291,0.97317,1.5718,0.52406,0.39639,0.33555,0.79512
0.40663,0.79092,7.3,4,267.97,0.12037,0.46864,0.95511,1.5156,0.55526,0.63659,0.50929,0.75983
0.52509,1.1373,7.3,2,467.31,0.036558,0.39181,0.7056,1.6037,0.39791,0.43562,0.78915,0.64759
0.22798,1.0238,7.3,3,418.23,0.078975,0.53184,0.86994,1.7695,0.156,0.84146,0.70973,0.4478
0.42488,1.1439,7.3,4,673.99,0.17317,0.30936,0.63629,1.7501,0.47983,0.38306,0.68085,0.59832
0.50121,0.29188,7.3,1,939.44,0.085904,0.45887,0.64412,1.5738,0.48346,0.51921,0.28565,1.0682
0.47479,1.1332,7.3,1,979.61,0.15401,0.49924,0.79322,1.477,0.32716,0.30987,0.54601,0.94367
0.4799,0.9025,7.3,1,1056,0.10439,0.40803,0.78639,1.2887,0.31954,0.58204,0.56373,0.88992
0.19035,1.0292,7.3,3,716.57,0.19668,0.57287,0.89369,1.727,0.39987,0.28056,0.42589,1.1343
0.31703,1.3344,7.3,1,852.36,0.15972,0.54663,1.0665,1.8604,0.37216,0.53041,0.67387,0.53897
0.52256,0.65288,7.3,4,747.91,0.22029,0.58215,0.95371,1.8094,0.67134,0.52779,0.70546,0.77891
0.56339,0.85729,7.3,1,232.65,0.15719,0.43877,0.88832,1.4919,0.54687,0.72982,0.59168,0.71869
0.4337,1.1568,7.3,2,522.97,0.15823,0.41127,0.66596,1.308,0.25949,0.59465,0.77558,0.21036
0.56492,1.2661,7.3,3,591.49,0.12388,0.13952,0.48373,1.4189,0.35696,0.39991,0.59214,0.97953
0.56814,1.005,7.3,1,965.66,0.1217,0.40341,0.85542,1.432,0.43998,0.26302,0.76062,0.53879
0.62773,1.2708,7.3,2,891.41,0.14517,0.48686,0.66074,1.3411,0.36672,0.64034,0.42012,0.79814
0.66602,1.3464,7.3,1,551.46,0.083368,0.56593,0.89794,1.6708,0.39859,0.41639,0.67563,0.67568
0.1,1.2618,7.3,5,816.54,0.075633,0.44069,0.81343,1.5953,0.50033,0.34422,0.51004,0.78273
0.25452,0.85925,7.3,4,883.68,0.13592,0.48137,0.75823,1.205,0.35642,0.34407,0.80189,0.81948
0.30637,1.179,7.3,2,649.64,0.098314,0.53486,0.86908,1.5565,0.47047,0.2545,0.53054,0.64339
0.51809,1.2508,7.3,1,683.5,0.19482,0.48941,0.67734,1.9696,0.29585,0.47519,0.78704,0.74031
0.29934,1.0913,7.3,2,814.61,0.12056,0.35313,0.78774,1.3947,0.45633,0.49089,0.53623,0.77287
0.50997,1.3466,7.3,3,558.08,0.14912,0.52451,0.74439,1.2793,0.50073,0.47322,0.66739,0.24028
0.51913,0.52855,7.3,5,1156.1,0.092891,0.46925,0.78115,1.3898,0.43468,0.70589,0.38343,0.53369
0.39649,1.4909,7.3,2,1179.4,0.16686,0.40047,0.6918,1.5127,0.22951,0.62465,0.87565,1.0151
0.35699,1.1664,7.3,4,941.23,0.21444,0.48909,0.73818,1.6734,0.2643,0.51743,0.34966,0.7085
0.34631,0.82437,7.3,4,539.05,0.13605,0.51974,0.82139,1.8027,0.46087,0.30555,0.68283,0.64815
0.36096,0.84687,7.3,1,813.25,0.051269,0.34009,0.53794,1.1498,0.5183,0.47689,0.74938,0.434
0.56867,1.1478,7.3,3,926.72,0.12699,0.40127,0.72538,1.1932,0.45206,0.36781,0.87757,0.80727
0.51617,0.80475,7.3,4,930.21,0.16858,0.49536,0.77457,1.5749,0.28891,0.48694,0.508,0.83983
0.30142,1.2781,7.3,1,652.24,0.12812,0.5895,0.94414,1.6924,0.49702,0.35199,0.52566,0.70672
0.18395,0.94357,7.3,4,963.67,0.16495,0.61614,0.85448,1.4554,0.31773,0.23596,0.55803,0.69927
0.61585,1.0962,7.3,1,624.28,0.23162,0.58546,0.74557,1.365,0.42195,0.55973,0.60702,0.99043
0.49113,1.4261,7.3,1,805.5,0.12744,0.3863,0.63315,1.4008,0.41057,0.58431,0.11244,0.53804
0.36103,0.64301,7.3,1,960.27,0.13254,0.57974,1.0574,1.6479,0.42805,0.52489,0.47856,0.57222
0.56172,0.72147,7.3,3,1047,0.062211,0.35398,0.57487,1.2431,0.32172,0.40633,0.44494,0.75295
0.37949,1.3929,7.3,5,607.23,0.15983,0.58544,0.86003,1.4675,0.63359,0.4255,0.36131,0.94496
0.36494,1.0346,7.3,3,797.24,0.095021,0.56532,0.82719,1.595,0.67153,0.57597,0.56066,0.6481
0.63881,1.8484,7.3,1,708.65,0.09065,0.66047,0.76983,1.2267,0.25301,0.58245,0.48278,0.94041
0.61971,1.0822,7.3,5,708.73,0.086847,0.29173,0.56516,1.2237,0.41883,0.31894,0.57841,1.0533
0.40853,1.0347,7.3,3,1110.2,0.1163,0.47532,0.72547,1.7205,0.3398,0.58245,0.45295,0.71339
0.54689,0.67889,7.3,2,909.96,0.12142,0.63642,1.0415,1.5243,0.42465,0.65025,0.52253,0.55805
0.629,0.78709,7.3,5,1279.3,0.12306,0.48733,0.62151,1.7437,0.26613,0.44641,0.38256,0.70443
0.40627,0.54606,7.3,5,534.14,0.27721,0.68971,1.0909,1.6376,0.46006,0.4855,0.50529,0.67654
0.36174,0.65891,7.3,2,616.99,0.17343,0.57722,1.0876,1.7706,0.15682,0.25679,0.26019,0.71531
0.48451,1.3817,7.3,2,407.49,0.14543,0.57688,0.77949,1.4717,0.26212,0.52394,0.50052,0.38917
0.38865,0.65678,7.3,3,614.42,0.042636,0.40467,0.57399,1.041,0.32776,0.75683,0.33585,0.619
0.45069,0.84215,7.3,5,658.68,0.03,0.49181,0.80747,1.6081,0.21798,0.61673,0.38255,0.49117
0.59039,1.4735,7.3,2,857.9,0.22553,0.63194,0.96953,1.8072,0.21747,0.72758,0.49596,0.93114
0.53076,1.1736,7.3,3,730.81,0.12531,0.59007,0.9422,1.5459,0.39137,0.56456,0.46774,0.32289
0.33141,1.1736,7.3,1,821.23,0.10741,0.47403,0.78034,1.4789,0.55702,0.45643,0.58524,0.33352
0.1,0.57316,7.3,1,397.02,0.10417,0.61157,0.94002,1.626,0.22787,0.62942,0.4183,0.44233
0.32114,0.94288,7.3,4,485.96,0.18515,0.55318,0.88468,1.6724,0.32431,0.59571,0.4571,0.9201
0.41349,1.0558,7.3,1,686.84,0.13365,0.44431,0.87901,1.5715,0.43031,0.37648,0.72548,0.56729
0.35003,1.4452,7.3,2,731.22,0.078586,0.5469,0.80382,1.2788,0.42026,0.29917,0.46877,0.5897
0.47469,0.79616,7.3,4,676.48,0.12593,0.46184,0.6514,1.1551,0.4871,0.49755,0.46527,0.66835
0.57777,0.84098,7.3,1,1126.8,0.1242,0.4345,0.75558,1.7186,0.34009,0.39084,0.80671,0.66341
0.29947,0.74215,7.3,1,547.14,0.12209,0.66308,1.1233,1.8437,0.26751,0.42063,0.70842,0.30221
0.62378,1.3919,7.3,2,635.45,0.15108,0.56812,0.76403,1.5464,0.56285,0.69018,0.59978,0.57724
0.64029,0.9741,7.3,2,529.3,0.14553,0.51928,0.87011,1.9357,0.35384,0.27446,0.41529,0.70825
0.69839,0.35489,7.3,2,661.82,0.1775,0.62786,0.941,1.4161,0.47988,0.61286,0.60769,0.55113
0.22896,1.0076,7.3,5,650.62,0.1297,0.59228,0.99881,1.6638,0.43382,0.35744,0.56007,0.4551
0.27438,0.65931,7.3,1,796.92,0.15239,0.52466,0.73511,1.4456,0.54573,0.60234,0.73055,0.58439
0.1,1.2145,7.3,2,424.44,0.097454,0.39385,0.76296,1.569,0.29391,0.38986,0.47241,0.25114
0.34093,0.81495,7.3,4,683.16,0.1231,0.48457,0.88451,1.4442,0.22203,0.61292,0.41607,0.53031
0.25274,0.71336,7.3,1,959.6,0.14114,0.34949,0.86402,1.8301,0.3836,0.58061,0.59498,0.85152
0.3568,1.0407,7.3,5,949.15,0.1001,0.43084,0.76059,1.7481,0.53191,0.60426,0.76702,0.97657
0.31559,1.1914,7.3,4,423.32,0.16534,0.50995,0.87898,1.2806,0.28756,0.39315,0.63021,0.93055
0.601,0.88991,7.3,1,538.55,0.14426,0.5299,0.82519,1.5348,0.27637,0.49615,0.91902,0.88787
0.39463,1.3184,7.3,2,627.27,0.26665,0.70086,1.1829,2.1961,0.31104,0.47079,0.62627,0.94265
0.31015,1.0169,7.3,4,800.81,0.18921,0.55369,0.92048,1.1211,0.35171,0.35903,0.65371,0.76386
0.40105,1.0256,7.3,3,567.68,0.088905,0.56116,0.70175,1.2873,0.32033,0.48159,0.31862,0.40124
0.4931,1.5508,7.3,3,776.01,0.17144,0.54395,0.69888,1.3549,0.16992,0.88714,0.34369,0.74295
0.26928,1.2026,7.3,5,533.25,0.13299,0.46475,0.70299,1.5126,0.33414,0.52963,0.3562,0.74318
0.48885,0.53625,7.3,1,1006.7,0.15105,0.50051,0.6388,1.2993,0.26839,0.61857,0.78412,0.4753
0.58301,1.1061,7.3,5,697.19,0.18065,0.49638,0.70898,1.1469,0.19181,0.51748,0.55021,0.65239
0.43374,0.97227,7.3,1,924.28,0.11739,0.39776,0.69416,1.4938,0.33715,0.38113,0.73267,0.6364
0.60621,1.1915,7.3,1,373.81,0.14118,0.40135,0.77045,1.354,0.3953,0.63703,0.69481,0.98677
0.32086,0.74111,7.3,2,569.23,0.14648,0.47357,0.71705,1.2137,0.45228,0.2902,0.77619,0.45143
0.38155,0.73407,7.3,5,624.89,0.17142,0.51309,0.83633,1.3512,0.32571,0.61329,0.37077,0.57927
0.15624,0.63305,7.3,3,871.3,0.12972,0.58208,1.0099,1.9034,0.39017,0.47096,0.61167,1.0198
0.35071,0.94431,7.3,4,871.15,0.15147,0.49032,0.91227,1.1393,0.5309,0.63059,0.57434,0.56517
0.58298,0.48385,7.3,1,1178.2,0.12276,0.54299,0.90873,1.6147,0.59209,0.74512,0.62498,0.31385
0.32481,1.0455,7.3,1,597.47,0.16437,0.33289,0.7564,1.4807,0.19678,0.59832,0.57894,0.76978
0.56933,1.245,7.3,3,894.54,0.13908,0.60933,0.87279,1.3533,0.37967,0.62987,0.46134,0.82329
0.55098,1.1733,7.3,4,816.5,0.18738,0.58037,0.9588,1.5189,0.56354,0.48974,0.78281,0.73753
0.59295,1.3192,7.3,3,796.24,0.17375,0.58643,1.2134,2.1357,0.47756,0.36846,0.42889,0.63922
0.22888,0.75903,7.3,5,919.16,0.19956,0.52143,0.77168,1.0793,0.49528,0.44248,0.42288,0.6582
0.52035,1.2396,7.3,4,550.92,0.089433,0.49404,0.79739,1.856,0.18372,0.2836,0.5678,0.82583
0.44098,0.90547,7.3,2,572.93,0.12466,0.34132,0.53023,1.0167,0.49829,0.67604,0.72966,0.74339
0.28571,1.3558,7.3,2,723.62,0.15858,0.39874,0.71217,1.6433,0.26621,0.53485,0.67567,0.54425
0.28299,1.0255,7.3,2,916.59,0.063503,0.36808,0.69545,1.3759,0.36833,0.55409,0.69277,0.78774
0.27854,0.57251,7.3,4,581.87,0.159,0.40669,0.61002,1.3265,0.31717,0.69654,0.041742,0.30134
0.38859,0.56377,7.3,5,699.04,0.13891,0.44928,0.85205,1.1128,0.51652,0.43153,0.49514,0.92774
0.10246,0.45721,7.3,5,758.4,0.12164,0.54969,0.77987,1.0475,0.39348,0.4262,0.54824,0.10873
0.32138,0.56112,7.3,2,868.94,0.096767,0.49065,0.87424,1.3696,0.29101,0.54423,0.41781,0.49447
0.27626,0.95858,7.3,3,612.86,0.078638,0.46587,0.83532,1.2908,0.37698,0.48284,0.56194,0.87286
0.49552,0.69832,7.3,4,1162.2,0.17627,0.36662,0.72721,1.3793,0.35028,0.53399,0.49033,0.40563
0.42482,0.18001,7.3,3,1102,0.17966,0.4685,0.99189,1.7629,0.44937,0.32453,0.65839,0.65952
0.61073,1.5077,7.3,2,467,0.12797,0.70219,1.1047,1.9686,0.51637,0.51256,0.56064,0.85272
0.30632,0.91498,7.3,1,897.25,0.14765,0.44915,0.86176,1.5089,0.03,0.45254,0.53732,0.89098
0.44692,1.3366,7.3,4,698.16,0.17558,0.59437,0.94233,1.5068,0.42842,0.36926,0.59087,0.92447
0.2879,0.90792,7.3,1,848.18,0.18302,0.67621,0.98901,1.4668,0.3353,0.34886,0.62663,0.44221
0.40699,0.94944,7.3,5,744.19,0.13635,0.47428,0.74034,1.4611,0.36199,0.67358,0.68637,0.80307
0.47275,0.97561,7.3,5,791.74,0.26562,0.61598,0.73138,1.4063,0.48437,0.37968,0.56995,0.69051
0.64559,0.98868,7.3,4,553.8,0.19357,0.67185,1.013,1.6565,0.48461,0.41606,0.58922,0.55713
0.25508,1.6274,7.3,3,1007.6,0.12656,0.55573,0.85527,1.2153,0.67012,0.64478,0.52729,0.28198
0.3328,0.87681,7.3,4,345.15,0.21916,0.64526,0.93846,1.4987,0.57137,0.41714,0.68072,0.35998
0.33851,1.8873,7.3,2,791.81,0.14676,0.50272,0.90586,1.6866,0.37578,0.4997,0.658,0.55061
0.13111,0.49378,7.3,4,752.86,0.10435,0.49501,0.84452,1.9425,0.63974,0.48086,0.84682,0.72022
0.1,1.0871,7.3,4,1036.7,0.10461,0.49096,0.92817,1.7313,0.46442,0.3622,0.67256,0.60272
0.39832,0.55919,7.3,1,750.93,0.12262,0.3454,0.57761,1.3066,0.25262,0.26949,0.52544,0.45144
0.27881,1.1347,7.3,2,969.13,0.090447,0.50498,0.78014,1.3359,0.43309,0.30725,0.63425,0.73908
0.33082,0.49123,7.3,2,699.34,0.14021,0.39125,0.733,1.1661,0.4028,0.59982,0.49529,0.93246
0.46045,1.0181,7.3,2,565.24,0.25421,0.42196,0.67092,1.3687,0.56597,0.4004,0.42866,0.8515
0.34311,0.65572,7.3,3,1001.8,0.15372,0.37678,0.68199,1.4877,0.50019,0.51106,0.68694,0.53125
0.33075,1.5982,7.3,1,684.33,0.1573,0.45062,0.76153,1.6511,0.40539,0.7433,0.2161,0.74383
0.43322,1.2763,7.3,4,758.95,0.084614,0.50908,0.60334,1.4946,0.47017,0.39395,0.70758,0.31767
0.36731,1.4868,7.3,2,812.94,0.037498,0.37888,0.55149,1.0625,0.2013,0.52852,0.64651,0.69944
0.47364,0.85374,7.3,3,852.14,0.041638,0.37708,0.80724,1.42,0.26797,0.59738,0.44834,0.89673
0.3985,0.64133,7.3,3,799.81,0.10002,0.56249,0.71375,1.5861,0.37889,0.2558,0.38299,0.22344
0.40915,0.57416,7.3,2,682.99,0.23081,0.4469,0.82315,1.7164,0.2794,0.47331,0.46622,0.42314
0.35544,1.1405,7.3,2,584.66,0.22051,0.6951,0.99865,1.4684,0.41029,0.61062,0.6437,0.57214
0.3399,1.399,7.3,1,842.2,0.082348,0.53642,1.0716,1.995,0.35288,0.5204,0.7926,0.5395
0.31911,1.6914,7.3,1,1065.2,0.13315,0.42037,0.81404,1.5394,0.3822,0.58954,0.39754,0.85447
0.50524,1.2554,7.3,3,624.2,0.13153,0.61374,0.90131,1.0255,0.074088,0.57471,0.34837,0.40662
0.53506,1.1566,7.3,3,733.66,0.15683,0.52134,0.79836,1.6087,0.63685,0.51179,0.53114,0.67896
0.64725,1.9604,7.3,1,974.22,0.18404,0.44274,0.71025,1.1759,0.48439,0.34869,0.58682,0.27582
0.22938,0.90086,7.3,2,786.87,0.14074,0.32944,0.61123,1.2559,0.31357,0.45267,0.60502,0.3012
0.53448,0.73109,7.3,2,807.41,0.069095,0.15554,0.44793,0.73533,0.2385,0.41123,0.39864,0.67061
0.56199,0.70182,7.3,5,615.6,0.16312,0.44199,0.73321,1.9271,0.18692,0.40098,0.75516,0.30679
0.3286,0.4385,7.3,1,801.03,0.062843,0.18434,0.51266,1.3629,0.14597,0.76679,0.47784,0.6137
0.27428,1.4494,7.3,3,892.36,0.17583,0.53214,0.92664,1.4433,0.36991,0.5138,0.81015,0.50927
0.43677,0.51027,7.3,3,522.35,0.16175,0.36963,0.513,1.4444,0.47068,0.41978,0.88713,0.82609
0.24976,0.74445,7.3,2,1268.3,0.10412,0.44722,0.87067,1.5739,0.62005,0.55678,0.8455,0.90895
0.37573,1.3232,7.3,2,511.76,0.16165,0.39587,0.80118,1.4197,0.37664,0.57017,0.16066,0.99493
0.29722,0.86797,7.3,5,911.57,0.10763,0.47398,0.68596,1.3216,0.53222,0.43371,0.71263,0.35849
0.52242,1.9984,7.3,3,636.09,0.11623,0.44373,0.67454,1.2653,0.27152,0.47265,0.57547,0.63182
0.39756,1.0311,7.3,4,595.93,0.12775,0.50907,0.86818,1.2692,0.27353,0.38858,0.51108,0.64305
0.6185,0.76808,7.3,3,675.87,0.2115,0.51947,0.71974,1.1415,0.33135,0.6579,0.43788,0.17861
0.5095,1.2032,7.3,4,570.06,0.22101,0.47759,0.79207,1.6338,0.35412,0.7089,0.56163,0.48636
0.39287,0.79095,7.3,4,729.53,0.16194,0.60651,0.70723,1.6896,0.31771,0.5558,0.47953,0.77889
0.53595,0.97739,7.3,1,599.21,0.095205,0.4311,0.90949,1.2866,0.40726,0.69385,0.62347,0.36444
0.31907,1.0078,7.3,2,978.22,0.1528,0.35552,0.52365,0.9127,0.22896,0.57705,0.51786,0.54937
0.42619,1.6017,7.3,3,1053.2,0.2667,0.36117,0.63643,1.3761,0.29615,0.54855,0.65665,0.73091
0.50144,0.66111,7.3,1,942.35,0.11228,0.47822,0.7279,1.3111,0.48386,0.63157,0.4072,0.63296
0.35888,1.1963,7.3,2,1077.2,0.16485,0.39085,0.83845,1.5441,0.2872,0.51628,0.4032,0.50828
0.12154,1.4257,7.3,2,509.91,0.22383,0.46211,0.7748,1.4511,0.33894,0.43079,0.42431,0.88172
0.39887,0.75232,7.3,5,544.58,0.16877,0.46318,0.63869,0.71129,0.2334,0.49003,0.68224,0.50078
0.39327,1.0159,7.3,2,555.49,0.088873,0.57972,0.74357,1.4762,0.195,0.46072,0.61395,0.73161
0.42762,0.74324,7.3,2,715.88,0.095139,0.62039,0.9296,1.2906,0.35132,0.53775,0.59923,0.29081
0.24041,1.5304,7.3,3,582.13,0.15464,0.30482,0.58961,1.1309,0.47005,0.47811,0.92472,1.0047
0.31012,1.0549,7.3,4,888.04,0.13718,0.71023,0.93282,1.6435,0.24134,0.42771,0.6644,0.64388
0.19892,1.1293,7.3,1,1251.4,0.17515,0.56348,0.7263,1.5907,0.20094,0.56086,0.6643,0.27202
0.47554,0.93135,7.3,1,854.92,0.15648,0.53822,1.0008,1.593,0.33716,0.59604,0.43123,1.1118
0.4867,1.1182,7.3,4,671.01,0.13145,0.35789,0.55732,1.4713,0.28259,0.2349,0.59694,0.74889
0.30516,0.84224,7.3,4,354.6,0.15907,0.69246,0.88019,1.5111,0.5109,0.43905,0.55211,0.98729
0.46809,0.26591,7.3,4,581.84,0.13937,0.63331,0.9003,1.7393,0.32621,0.57184,0.80458,0.54245
0.28676,1.0466,7.3,5,1387.3,0.17269,0.62988,0.93109,1.7866,0.45605,0.24724,0.25281,0.58469
0.10053,0.74978,7.3,1,634.71,0.098314,0.46023,0.77855,1.4192,0.25906,0.78912,0.60321,0.53319
0.24066,1.0235,7.3,4,852.51,0.098368,0.48368,0.84101,1.35,0.334,0.53917,0.69226,0.68569
0.56105,1.3938,7.3,5,1059,0.15261,0.48136,0.93051,1.616,0.26789,0.59771,0.59017,0.66244
0.51872,0.95946,7.3,1,845,0.19032,0.509,0.81223,1.1901,0.26406,0.509,0.77799,0.67652
0.322,0.577,7.3,2,659.83,0.18329,0.42351,0.90774,1.7474,0.4357,0.67668,0.52399,0.68336
0.5909,0.95119,7.3,3,608.32,0.10818,0.53705,0.74083,1.4951,0.34553,0.29374,0.24197,0.53133
0.5143,1.633,7.3,2,1009.6,0.13549,0.61686,0.90024,1.5932,0.56643,0.64749,0.71342,0.44276
0.35871,1.4388,7.3,4,609.46,0.14073,0.50503,0.79928,1.4826,0.32362,0.69529,0.47257,0.80869
0.38238,1.2742,7.3,1,651.63,0.14327,0.49821,0.87763,1.4292,0.54416,0.27373,0.32228,0.45951
0.44955,1.4536,7.3,1,690.86,0.19471,0.63973,1.088,1.6759,0.28268,0.41375,0.53287,0.40148
0.21248,0.86375,7.3,4,1123.2,0.20546,0.45231,0.83109,1.4089,0.39216,0.97809,0.29686,0.67219
0.31277,0.65818,7.3,5,948.42,0.12103,0.41293,0.6188,1.3297,0.27369,0.55114,0.68156,0.65922
0.28704,0.78835,7.3,5,524.59,0.12542,0.4354,0.78143,1.4387,0.30712,0.46299,0.45005,0.88952
0.28522,0.90067,7.3,5,629.32,0.12999,0.1625,0.48317,1.4266,0.27462,0.49913,0.85459,0.73032
0.45728,0.54376,7.3,1,983.27,0.10326,0.46371,0.83606,1.6878,0.35394,0.4737,0.38555,0.50982
0.41249,1.0496,7.3,1,980.46,0.19541,0.67605,0.92924,1.6238,0.36785,0.38692,0.36472,0.77867
0.34756,0.85364,7.3,1,227.43,0.13081,0.5385,0.8123,1.6136,0.39385,0.49767,0.61595,1.022
0.44444,1.1761,7.3,3,1012.7,0.16914,0.53065,0.70436,1.3121,0.36485,0.34486,0.85181,0.30014
0.29061,0.72899,7.3,5,846.89,0.19397,0.58683,0.89497,1.4956,0.4751,0.32237,0.20578,0.55557
0.21762,1.1113,7.3,3,748.06,0.14715,0.57701,0.9717,1.7186,0.29649,0.39992,0.6746,0.7041
0.38574,0.62196,7.3,4,968.74,0.20245,0.44503,0.68097,1.4581,0.27337,0.66657,0.76388,0.25968
0.25992,1.0669,7.3,1,302.65,0.14061,0.43679,0.81582,1.2986,0.53427,0.47245,0.70477,0.93966
0.27544,0.87608,7.3,5,649.01,0.2153,0.60292,0.95471,1.7425,0.40966,0.68499,0.45236,0.73062
0.51062,0.695,7.3,1,440.16,0.19135,0.60611,0.84269,1.6056,0.2449,0.55755,0.53027,0.55596
0.22217,0.90219,7.3,1,859.66,0.20634,0.4528,0.76437,1.583,0.39947,0.36902,0.52444,0.62643
0.5077,1.0851,7.3,3,720.27,0.13807,0.35465,0.58074,1.0984,0.30855,0.62787,0.28211,0.15285
0.32044,0.99653,7.3,3,756.4,0.17801,0.533,0.80835,1.2152,0.3048,0.29417,0.37642,0.94423
0.10922,1.0109,7.3,5,564.94,0.22507,0.59542,1.0302,1.8149,0.44299,0.60825,0.3721,1.1091
0.42722,0.67051,7.3,1,958.28,0.17951,0.32378,0.50451,1.1784,0.30015,0.46964,0.43388,0.42467
0.54016,1.1127,7.3,2,428.35,0.24898,0.5645,0.69589,1.6041,0.36698,0.51897,0.8188,0.46276
0.63189,1.051,7.3,1,599.93,0.17875,0.53935,0.97009,1.2061,0.46344,0.59718,0.59829,0.71583
0.31469,1.3419,7.3,2,842.17,0.11138,0.4829,0.71309,1.4751,0.52313,0.79978,0.52708,0.74795
0.2509,1.4972,7.3,2,966.73,0.14545,0.67061,1.0307,1.4993,0.41402,0.6394,0.59811,0.10918
0.45324,1.1015,7.3,3,783.6,0.073199,0.26308,0.52513,1.3709,0.25391,0.60809,0.58359,0.60176
0.5024,0.45431,7.3,2,910.07,0.1996,0.49791,0.66613,1.3315,0.24313,0.39757,0.38963,0.59973
0.58251,0.75932,7.3,5,509.14,0.1145,0.4747,0.72916,1.765,0.315,0.59276,0.86593,0.45815
0.44052,0.82767,7.3,4,421.62,0.17994,0.45891,0.82553,1.2499,0.39189,0.37692,0.53479,0.65555
0.53067,0.92972,7.3,5,484.24,0.13077,0.4472,0.94075,1.5794,0.16805,0.49831,0.43533,0.91958
0.5195,0.90844,7.3,1,760,0.13665,0.58003,0.8372,1.3976,0.34532,0.83912,0.59091,0.40678
0.37424,1.4918,7.3,3,992.6,0.17112,0.40476,0.6642,1.1332,0.55063,0.32756,0.66706,0.73983
0.4339,0.43083,7.3,2,623.15,0.19474,0.75334,1.0422,1.8666,0.45574,0.45499,0.56357,0.99399
0.40142,1.3956,7.3,5,697.7,0.19038,0.5783,1.036,1.7882,0.48909,0.4977,0.50214,0.62481
0.46919,1.1597,7.3,1,552.5,0.13383,0.48385,0.87743,1.8924,0.52101,0.59583,0.70025,0.44607
0.44474,1.1805,7.3,1,503.5,0.10841,0.45138,0.71205,1.1624,0.39909,0.37264,0.94864,0.5495
0.40293,1.1402,7.3,2,990.96,0.12568,0.50189,0.82501,1.1392,0.43162,0.3741,0.63848,0.2974
0.52918,1.0625,7.3,3,505.69,0.14716,0.40747,0.88419,1.5732,0.35584,0.37177,0.47039,0.85492
0.40129,0.98272,7.3,2,1151.2,0.19105,0.47325,0.78372,1.7288,0.57573,0.21565,0.36415,0.95064
0.47233,0.1,7.3,1,502.81,0.20386,0.60608,0.93368,1.2706,0.46698,0.50337,0.35587,0.74781
0.3305,0.81625,7.3,1,724.29,0.11059,0.68914,0.89277,1.3638,0.35624,0.66091,0.71784,0.85686
0.18696,0.99515,7.3,2,542.68,0.11399,0.47112,0.83466,1.223,0.13821,0.46718,0.34555,0.50013
0.55498,1.2331,7.3,5,980.19,0.10124,0.48816,0.71596,1.4673,0.30785,0.3413,0.29217,0.68543
0.48136,0.973,7.3,2,752.82,0.15798,0.51434,0.81077,1.5808,0.38213,0.66169,0.71818,0.41981
0.27044,0.95536,7.3,4,1133.1,0.15701,0.38939,0.68755,1.3794,0.32258,0.59575,0.65469,0.58005
0.41341,0.73367,7.3,2,436.21,0.12439,0.50132,0.83716,1.0948,0.32941,0.54621,0.36713,0.62086
0.5331,0.76717,7.3,1,758.7,0.21098,0.66457,1.1788,1.9665,0.2452,0.30765,0.57943,0.78222
0.34874,1.1888,7.3,1,951.1,0.20708,0.63966,0.91429,1.2856,0.26176,0.43356,0.70874,0.84039
0.24924,0.60525,7.3,1,1115,0.11257,0.23196,0.55733,1.135,0.29055,0.6476,0.40276,0.38503
0.4391,1.2696,7.3,3,800.28,0.13916,0.4544,0.83983,1.8529,0.59508,0.62632,0.46646,0.65886
0.27581,0.75246,7.3,4,519.06,0.152,0.56657,0.9049,1.7021,0.37981,0.63353,0.35436,0.8999
0.46015,0.82735,7.3,4,1051.3,0.12643,0.48941,0.89137,1.6997,0.41374,0.5582,0.47491,0.44077
0.42434,1.0076,7.3,2,989.51,0.17209,0.48755,0.72514,1.1277,0.43143,0.58293,0.52864,1.1545
0.49809,1.1688,7.3,3,805,0.13024,0.60721,0.99978,1.3357,0.25238,0.5453,0.65875,0.61351
0.19397,0.94837,7.3,5,755.96,0.18075,0.49003,0.73963,1.3951,0.28379,0.5652,0.73224,0.60798
0.21422,0.80555,7.3,5,1243,0.12495,0.56381,0.87472,1.7362,0.56537,0.54163,0.50218,0.66736
0.44692,0.95406,7.3,2,408.46,0.14865,0.57415,0.77842,1.144,0.33462,0.21928,0.77988,1.077
0.3373,1.0051,7.3,1,569.85,0.20491,0.49371,0.8428,1.4944,0.24784,0.54376,0.82693,0.37149
0.24454,1.2483,7.3,1,760.56,0.11884,0.54137,0.93274,1.4892,0.24559,0.45477,0.78749,0.85945
0.34432,1.2097,7.3,4,661.76,0.12245,0.47501,0.78753,1.79,0.52608,0.31315,0.5691,0.80937
0.46741,0.69814,7.3,2,570.27,0.11641,0.40702,0.62338,1.4332,0.26548,0.50775,0.4909,0.84454
0.34089,0.32675,7.3,3,558.94,0.17791,0.6148,0.85605,1.7037,0.3156,0.46899,0.35555,0.72083
0.61948,1.0307,7.3,1,1002.2,0.14409,0.49921,0.63125,1.4554,0.29824,0.81922,0.15018,0.94959
0.52153,1.2705,7.3,5,634.52,0.20891,0.52212,0.83754,1.6264,0.26405,0.55963,0.80129,0.6672
0.71271,0.1,7.3,3,757.07,0.18987,0.51359,0.90217,1.8241,0.3836,0.33851,0.42866,0.77734
0.44925,1.1978,7.3,3,911.31,0.13423,0.53314,0.70343,1.3909,0.43371,0.26874,0.63105,0.67984
0.35794,1.2281,7.3,2,921.28,0.11568,0.71945,0.82437,1.3698,0.41854,0.19622,0.46731,0.99052
0.47368,0.94903,7.3,3,597.02,0.1503,0.51814,0.88765,1.6312,0.4208,0.48121,0.84224,0.76574
0.30961,1.2126,7.3,1,442.38,0.2588,0.71248,1.022,1.961,0.45282,0.42798,0.50629,0.78276
0.35252,1.1886,7.3,2,736.22,0.19766,0.51082,0.8696,1.4361,0.38974,0.54296,0.45865,1.2777
0.40727,0.77093,7.3,2,738.26,0.12109,0.47448,0.8315,1.6825,0.44051,0.17517,0.55591,0.95924
0.44633,1.3563,7.3,2,1067.4,0.20883,0.6521,0.86801,1.6188,0.34975,0.3913,0.19972,0.57978
0.63929,1.3492,7.3,1,625.41,0.22721,0.7423,0.92909,1.6374,0.62605,0.50073,0.60182,0.44301
0.22167,1.1314,7.3,3,673.5,0.10182,0.38942,0.93036,1.557,0.50505,0.41555,0.84648,0.6639
0.50924,1.2293,7.3,4,613.8,0.11303,0.55732,0.83741,1.6465,0.45026,0.55978,0.49023,0.81859
0.60053,1.0516,7.3,5,556.21,0.18494,0.7599,1.1216,1.7854,0.57892,0.43872,0.41448,0.82861
0.43497,0.80921,7.3,3,548.1,0.16036,0.49774,0.84552,1.822,0.50643,0.48691,0.85134,0.48934
0.56539,1.0791,7.3,3,696.72,0.11681,0.37589,0.6864,1.4048,0.42077,0.33265,0.65807,0.7584
0.29568,1.1674,7.3,2,516.94,0.20907,0.59728,0.82177,1.351,0.37239,0.30675,0.57989,0.77043
0.56926,0.90295,7.3,1,883.84,0.13234,0.3289,0.68206,0.93826,0.36036,0.31243,0.55131,0.22154
0.3225,1.0717,7.3,1,857.19,0.16027,0.66951,1.1125,1.9391,0.5094,0.6131,0.39279,0.79204
0.55164,0.79944,7.3,4,413.25,0.20053,0.5139,0.82332,1.3512,0.39067,0.61144,0.70601,0.74499
0.15564,1.1627,7.3,4,1106.3,0.13596,0.24138,0.55497,1.1557,0.50392,0.31886,0.85083,0.58562
0.25259,0.77952,7.3,1,700.23,0.1967,0.46797,0.81191,1.6282,0.39393,0.28539,0.51436,0.61506
0.72246,1.1849,7.3,3,907.41,0.13969,0.47652,0.7841,1.7756,0.27814,0.62947,0.59893,0.62444
0.44979,0.93136,7.3,3,832.69,0.14248,0.30921,0.62757,1.0751,0.42068,0.65983,0.72309,0.73434
0.36086,1.2463,7.3,1,612.54,0.10619,0.34516,0.65002,0.8121,0.62131,0.42592,0.40724,0.6684
0.2893,0.95343,7.3,4,898.45,0.18068,0.57016,0.80688,1.281,0.3107,0.5816,0.73105,0.82718
0.43551,0.60751,7.3,4,1057.1,0.2339,0.71613,1.1139,1.5941,0.41167,0.35511,0.82926,0.87239
0.19486,1.2333,7.3,4,899.84,0.14251,0.65569,0.81023,1.3169,0.43504,0.66914,0.54604,0.98252
0.33211,0.64597,7.3,4,639.52,0.18975,0.40004,0.66729,1.3635,0.19,0.73687,0.5375,0.89691
0.29786,1.0863,7.3,5,704.73,0.19661,0.62385,1.0436,1.781,0.27669,0.41188,0.4061,0.77642
0.45859,1.1348,7.3,3,1306.5,0.14252,0.57666,0.89161,1.8299,0.3495,0.58014,0.56241,0.56318
0.46111,0.83918,7.3,5,1003.4,0.11343,0.35686,0.81488,1.4442,0.50565,0.53771,0.37384,0.73694
0.45602,0.72371,7.3,3,780.05,0.1139,0.43898,0.74977,1.5353,0.40823,0.65361,0.55187,0.50403
0.58622,0.79405,7.3,4,450.91,0.14292,0.73012,1.1657,2.4215,0.2604,0.47482,0.66495,0.64718
0.469,0.67214,7.3,5,985.48,0.14997,0.72293,1.1299,1.3775,0.34117,0.32671,0.56287,0.72852
0.43666,0.8533,7.3,4,607.78,0.15697,0.55881,0.7164,1.2415,0.7893,0.29829,0.65072,0.79438
0.36741,0.72437,7.3,2,1006.6,0.21308,0.58424,0.89753,1.428,0.54255,0.50737,0.56071,0.82056
0.59642,0.39049,7.3,4,813.35,0.03,0.34946,0.74299,1.0634,0.36199,0.36294,0.45475,0.93244
0.2898,1.1917,7.3,2,320.65,0.14798,0.55415,0.80277,1.2117,0.46195,0.55996,0.50361,0.26077
0.60972,1.3408,7.3,2,968.74,0.14518,0.51538,0.89897,1.4981,0.2953,0.10786,0.37276,0.66984
0.34194,0.76432,7.3,4,935.1,0.14301,0.55473,0.84841,1.4773,0.4116,0.26616,0.45606,0.84026
0.41685,0.69634,7.3,1,901.21,0.15609,0.52841,0.76953,1.5937,0.47335,0.42003,0.66475,0.67978
0.47129,0.69749,7.3,3,413.59,0.23002,0.64,0.86743,2.0479,0.45794,0.45631,0.50067,0.49797
0.31991,1.4563,7.3,5,516.96,0.1025,0.36143,0.62956,1.3926,0.22634,0.40056,0.48707,0.58797
0.23386,1.199,7.3,2,1013.9,0.28188,0.47191,0.83426,1.9203,0.37376,0.57541,0.31466,0.73187
0.40339,1.0214,7.3,1,912.84,0.11754,0.36511,0.83595,1.9419,0.41461,0.63918,0.51762,0.7097
0.47936,0.82467,7.3,3,674.06,0.16091,0.4291,0.81763,1.4045,0.42569,0.70106,0.63048,0.65586
0.52888,1.3044,7.3,5,691.2,0.17609,0.45677,0.65078,1.3078,0.5437,0.67934,0.51881,0.64834
0.3693,0.93192,7.3,5,788.23,0.18962,0.47837,0.83634,1.7211,0.23836,0.50691,0.50427,1.0995
0.56869,1.1932,7.3,5,832.56,0.17187,0.66622,0.79717,1.5647,0.41537,0.74364,0.28311,0.77411
0.39432,1.0603,7.3,1,669.76,0.27848,0.71414,1.0096,1.4702,0.52912,0.7546,0.61957,0.3394
0.45681,0.99129,7.3,2,398.7,0.15355,0.41697,0.68597,1.1171,0.20929,0.47498,0.55357,0.79914
0.42327,0.70231,7.3,5,649.86,0.24234,0.69486,1.0852,1.804,0.40355,0.48529,0.4605,0.52069
0.17483,1.5951,7.3,1,1153.6,0.18992,0.5574,0.94782,1.1903,0.35935,0.87955,0.42237,0.44054
0.27041,0.71813,7.3,3,557.53,0.12645,0.45718,0.74398,1.5723,0.39694,0.46388,0.68698,0.60171
0.612,0.51716,7.3,4,599.07,0.083597,0.37931,0.5884,1.3623,0.24282,0.70991,0.52977,1.1613
0.45882,0.93406,7.3,1,373.01,0.18518,0.40339,0.67635,1.1464,0.36466,0.38622,0.55183,0.71526
0.46989,0.91678,7.3,4,734.63,0.17618,0.37398,0.65294,1.0658,0.27378,0.31924,0.59524,0.57
0.33395,0.73596,7.3,3,594.99,0.13087,0.38254,0.62326,1.1402,0.4475,0.3675,0.48498,0.8113
0.41527,1.1752,7.3,1,802.06,0.056127,0.48387,0.93823,1.6938,0.24318,0.34524,0.96184,0.70284
0.46467,0.89082,7.3,5,800.08,0.17625,0.47544,0.61907,1.1506,0.67195,0.52806,0.39629,0.636
0.41955,1.125,7.3,1,740.93,0.20395,0.62534,0.8238,1.4192,0.36731,0.66978,0.6824,0.18312
0.3206,1.386,7.3,4,889.3,0.16526,0.57649,0.85083,1.9761,0.47683,0.30113,0.69739,1.0192
0.36288,0.57883,7.3,4,760.64,0.17371,0.56359,0.91094,1.7605,0.42971,0.51973,0.90059,0.37814
0.16358,1.1333,7.3,3,802.78,0.12455,0.43942,0.65002,1.2077,0.26675,0.83912,0.44158,0.6462
0.7031,1.4323,7.3,4,596.96,0.1785,0.61698,0.85728,1.3499,0.18958,0.55054,0.57048,0.68815
0.71309,1.0999,7.3,1,1013.4,0.15495,0.69165,1.1254,1.9058,0.10453,0.60534,0.47813,0.85721
0.10968,1.1548,7.3,2,761.19,0.21067,0.51045,0.85537,2.0704,0.43657,0.44365,0.58045,0.71789
0.47434,0.93038,7.3,3,950.58,0.20187,0.50918,0.80833,1.4331,0.42139,0.24656,0.64341,0.8196
0.34478,1.1807,7.3,2,721.85,0.1519,0.57391,0.7955,1.0938,0.29925,0.71718,0.65125,0.61137
0.44561,1.1838,7.3,4,762.21,0.16311,0.52941,0.83393,1.7621,0.12992,0.38121,0.44908,0.43776
0.36419,0.8824,7.3,5,242.34,0.17706,0.65628,0.88358,1.566,0.50708,0.64999,0.68095,0.1588
0.43863,1.2132,7.3,1,754.41,0.094051,0.34038,0.67861,1.4388,0.25006,0.50321,0.34612,0.42983
0.32812,0.43155,7.3,5,575.2,0.1407,0.32553,0.52312,1.2515,0.42822,0.58564,0.64704,0.71165
0.31363,1.4075,7.3,2,393.63,0.24162,0.68889,1.0197,1.8191,0.39945,0.3948,0.57744,0.98255
0.57857,0.72646,7.3,5,715.38,0.054296,0.19758,0.49688,1.3346,0.40161,0.68631,0.32956,0.77513
0.57106,0.95511,7.3,4,853.16,0.12313,0.46531,0.73635,1.2842,0.33612,0.61454,0.51353,0.6497
0.44581,0.87966,7.3,4,654.46,0.14083,0.61361,0.96416,1.8162,0.27768,0.73404,0.7882,0.80735
0.32187,0.82673,7.3,3,491.89,0.10028,0.5346,0.79354,1.1987,0.31938,0.65816,0.69026,0.68574
0.5612,1.6012,7.3,3,966.76,0.17549,0.50775,0.81314,1.6172,0.52281,0.31619,0.38691,0.45498
0.42018,0.84711,7.3,2,1191.7,0.20789,0.44336,0.78199,1.3384,0.55841,0.54515,0.64169,0.85889
0.48887,1.0267,7.3,1,985.19,0.14981,0.51745,0.75349,1.5024,0.36773,0.54188,0.43766,0.45462
0.28952,0.99409,7.3,2,638.1,0.18561,0.64831,1.0653,1.6125,0.49396,0.56114,0.25072,0.87432
0.57712,0.77858,7.3,2,983,0.096828,0.52657,1.0184,1.5948,0.41633,0.60474,0.50794,1.0412
0.35328,0.65435,7.3,1,471.82,0.16283,0.39983,0.56299,1.3144,0.62155,0.76466,0.56599,0.57885
0.44236,0.41572,7.3,2,691.69,0.16512,0.57781,0.72923,1.3101,0.52693,0.30798,0.40768,0.62715
0.45767,1.0079,7.3,1,1077.7,0.223,0.72776,1.0464,1.7364,0.38402,0.49861,0.57751,0.78647
0.46289,0.75223,7.3,5,581.53,0.15629,0.38658,0.80071,1.6058,0.31519,0.49342,0.53364,0.69843
0.32026,0.7846,7.3,1,685.77,0.26074,0.73964,1.1117,2.1246,0.51602,0.7261,0.67872,0.77486
0.48779,0.41771,7.3,1,874.03,0.14286,0.43783,0.57394,1.0978,0.32908,0.83472,0.6484,0.60636
0.51712,1.2963,7.3,4,977.13,0.19701,0.58973,0.85261,1.5651,0.39382,0.61864,0.79339,0.24795
0.42742,0.50106,7.3,5,668.27,0.25053,0.51106,0.87601,1.6394,0.4051,0.36519,0.51707,0.84946
0.22537,1.619,7.3,2,512.86,0.14068,0.49853,0.87436,1.6104,0.40056,0.47533,0.72902,0.76083
0.25409,0.37539,7.3,1,683.28,0.13808,0.43177,0.73888,1.5987,0.20158,0.64369,0.61871,0.96963
0.31047,1.0819,7.3,5,1041.8,0.05856,0.43204,0.66054,1.4741,0.32298,0.45084,0.52824,0.4057
0.25119,0.28698,7.3,4,816.77,0.13975,0.31811,0.65466,1.4771,0.35355,0.46518,0.83317,0.48657
0.19515,1.1138,7.3,2,1050.5,0.095222,0.45916,0.77766,1.6778,0.30206,0.48276,0.54101,0.50855
0.46196,0.7026,7.3,3,630.53,0.13103,0.23966,0.6086,1.3821,0.14159,0.42683,0.33792,0.85951
0.20529,1.0283,7.3,3,463.08,0.10798,0.46416,0.72425,1.3904,0.53747,0.55363,0.58228,0.52621
0.22278,1.1931,7.3,2,720.44,0.17481,0.58906,1.0041,1.6593,0.32596,0.48308,0.59768,0.67903
0.48114,0.76511,7.3,5,550.4,0.14719,0.62888,0.87591,1.4359,0.22583,0.34346,0.52076,0.45728
0.60979,1.0446,7.3,4,770.24,0.17181,0.48457,0.87374,1.3199,0.48517,0.63694,0.49182,0.66052
0.43273,0.72377,7.3,5,775.29,0.20049,0.60476,0.75771,1.2152,0.39523,0.42476,0.53068,0.76574
0.66723,1.3573,7.3,2,526.09,0.19385,0.62323,1.0221,1.8239,0.55471,0.40897,0.3525,0.03
0.28832,1.2943,7.3,5,619.79,0.15775,0.56084,0.95019,1.3222,0.48078,0.32649,0.5365,0.55765
0.63687,0.78297,7.3,3,477.85,0.14931,0.51143,0.86433,1.6539,0.12018,0.43794,0.50702,0.92888
0.28075,1.7003,7.3,4,726.97,0.12092,0.32523,0.75469,1.4966,0.3991,0.54564,0.70399,0.24752
0.49379,0.23463,7.3,4,609.65,0.083909,0.46652,0.70215,1.5777,0.33313,0.53709,0.54273,0.89634
0.51649,1.2708,7.3,5,806.01,0.14599,0.56076,0.83338,1.6815,0.48431,0.22405,0.71183,0.69458
0.44902,1.0681,7.3,2,993.14,0.12322,0.42525,0.64995,1.4583,0.48713,0.36919,0.67771,0.56942
0.39627,0.89462,7.3,3,753.67,0.098763,0.70159,1.099,1.4957,0.32135,0.53063,0.61107,0.81723
0.65592,1.1582,7.3,5,320.27,0.1985,0.52711,0.92059,1.6209,0.33714,0.68437,0.66925,0.98598
0.31704,1.2625,7.3,4,978.13,0.17549,0.71042,1.1598,2.0068,0.53631,0.46057,0.56544,0.26101
0.691,1.9204,7.3,5,1185.7,0.26053,0.65762,0.91924,1.4883,0.4831,0.38188,0.58884,0.29756
0.44585,0.81434,7.3,5,562.26,0.13244,0.52514,0.72372,1.4172,0.32964,0.39535,0.5596,0.70094
0.59009,1.2273,7.3,1,726.23,0.1448,0.51894,0.91204,1.4866,0.46192,0.57653,0.57039,0.69064
0.2232,1.3086,7.3,2,889.14,0.15195,0.53553,0.83749,1.495,0.21409,0.52837,0.45512,0.70395
0.471,1.0159,7.3,4,658.66,0.1099,0.65601,1.0254,1.6284,0.41016,0.44179,0.56252,0.94706
0.42512,1.0633,7.3,4,826.95,0.15521,0.6067,0.94634,1.697,0.32221,0.41603,0.58156,0.48256
0.39577,1.3457,7.3,4,1046.3,0.21378,0.60976,0.8464,1.8779,0.29193,0.56793,0.4539,0.87708
0.25977,0.89431,7.3,5,345.43,0.17712,0.40416,0.79862,1.2084,0.45689,0.58772,0.49092,0.5975
0.27805,1.1547,7.3,2,712.04,0.099406,0.27462,0.7777,1.4154,0.45986,0.093735,0.37627,0.44775
0.29631,1.2887,7.3,2,629.36,0.19498,0.52136,0.92806,1.6726,0.37989,0.50681,0.59436,0.3749
0.26352,1.1161,7.3,3,1291.8,0.1817,0.29261,0.57765,1.1806,0.35038,0.78731,0.54191,0.81973
0.55201,0.93244,7.3,2,809.77,0.17619,0.53309,1.0352,2.1489,0.44933,0.51418,0.38246,1.0244
0.40063,1.0748,7.3,3,612.37,0.12706,0.31856,0.56283,1.2317,0.33603,0.30401,0.47848,0.67662
0.16749,0.4252,7.3,4,854.78,0.16633,0.50182,0.95413,1.4144,0.34822,0.6231,0.34662,0.52352
0.58553,1.2134,7.3,2,853.87,0.17431,0.51097,0.70764,1.4537,0.28277,0.69747,0.57609,0.42982
0.41301,1.4689,7.3,3,902.58,0.068498,0.63033,0.93273,1.4767,0.48485,0.80388,0.55992,0.64529
0.55261,0.75239,7.3,5,1184.9,0.1921,0.38546,0.749,1.7068,0.3346,0.74502,0.60812,0.8683
0.4058,0.82956,7.3,2,1018.8,0.14125,0.38022,0.77532,1.654,0.12548,0.39419,0.57226,0.67476
0.37404,0.7829,7.3,1,1086,0.19047,0.64606,1.0882,1.9584,0.24818,0.75843,0.64152,0.42878
0.55647,0.6973,7.3,5,565.83,0.17943,0.63537,0.86016,1.4237,0.20208,0.50542,0.11812,0.85877
0.26287,1.2192,7.3,3,465.52,0.17334,0.63328,0.91625,1.3111,0.33926,0.85328,0.55815,0.59187
0.55736,1.0256,7.3,1,530.02,0.18275,0.44059,0.78825,1.5299,0.57742,0.50673,0.84006,0.94012
0.64619,0.87161,7.3,5,519.41,0.17403,0.58405,0.85794,1.6733,0.50558,0.63947,0.57054,1.0408
0.36921,0.82109,7.3,3,841.61,0.10871,0.4633,0.78124,1.4136,0.27449,0.46735,0.57495,0.86904
0.26245,0.77632,7.3,5,875.67,0.1775,0.45705,0.77742,1.3867,0.50342,0.51538,0.88847,0.69288
0.50455,1.1929,7.3,3,774.79,0.13958,0.50975,0.90613,1.577,0.38473,0.65182,0.58267,0.59189
0.27924,0.94206,7.3,1,506.58,0.12143,0.69082,1.0672,1.6277,0.36139,0.45283,0.70444,0.86829
0.60791,0.96227,7.3,2,675.92,0.21209,0.48474,0.88017,1.6698,0.34492,0.52777,0.53468,0.53918
0.34123,0.97784,7.3,2,961.57,0.2046,0.61503,0.64503,1.2393,0.41907,0.65891,0.64549,0.85657
0.32999,1.3366,7.3,4,889.08,0.17155,0.43703,0.72209,1.5267,0.40038,0.483,0.61544,0.75934
0.53183,0.92412,7.3,1,705.42,0.10017,0.38918,0.84794,1.5014,0.60701,0.56549,0.85885,0.72791
0.68375,0.8815,7.3,3,915.67,0.15443,0.69207,1.0523,1.6126,0.28301,0.66163,0.47918,0.41354
0.42148,1.1182,7.3,5,530.24,0.17188,0.37912,0.57241,1.3457,0.19411,0.69181,0.5237,0.55978
0.55017,0.79644,7.3,3,424.92,0.15149,0.58344,0.61344,0.91434,0.36694,0.55413,0.89062,0.75371
0.3497,0.95028,7.3,1,783.53,0.13692,0.44823,0.60639,1.1742,0.21222,0.55882,0.52466,0.6
0.61227,0.84725,7.3,1,572.7,0.22782,0.55105,1.0452,1.5751,0.4081,0.62792,0.63608,0.72952
0.33166,1.1467,7.3,4,753.1,0.23474,0.48262,0.99661,1.8512,0.4482,0.2342,0.65777,0.91506
0.28441,1.3678,7.3,5,923.49,0.16086,0.41504,0.8455,1.4495,0.24311,0.44422,0.31449,0.81736
0.63168,0.95435,7.3,4,838.89,0.15422,0.45619,0.91574,1.5934,0.55166,0.51422,0.55237,0.94982
0.38559,1.2517,7.3,4,781.92,0.17772,0.60638,0.80518,1.7435,0.41994,0.68874,0.65896,0.83597
0.4975,0.98008,7.3,4,745.88,0.25053,0.68803,1.1188,2.1124,0.45491,0.28715,0.6704,0.38809
0.44531,1.2646,7.3,4,656.78,0.18747,0.62063,0.96708,1.8244,0.10847,0.55919,0.55514,0.30697
0.45748,0.81565,7.3,1,858.75,0.13875,0.38419,0.65515,1.4548,0.28019,0.59893,0.59014,0.85719
0.25483,0.96604,7.3,2,715.12,0.21487,0.5298,0.84665,1.3442,0.50706,0.54566,0.88893,0.83256
0.70524,1.2257,7.3,4,691.75,0.13552,0.71428,1.1639,2.0671,0.28619,0.41922,0.56079,0.65223
0.55451,1.1507,7.3,5,1372.2,0.15625,0.52675,0.66789,1.0331,0.40911,0.62856,0.73279,1.1439
0.41732,1.5315,7.3,4,472.18,0.11816,0.48055,0.68549,1.5213,0.48864,0.62683,0.67647,0.93452
0.58322,1.0077,7.3,1,626.07,0.11603,0.41288,0.60103,1.1979,0.23641,0.61968,0.5123,0.71582
0.27921,0.99844,7.3,5,683.05,0.089528,0.50068,0.8268,1.2861,0.43907,0.44987,0.67374,0.79334
0.42537,1.3103,7.3,5,1057.7,0.22348,0.57371,0.75465,1.3977,0.2407,0.6996,0.48696,0.34593
0.36202,0.51923,7.3,1,839.35,0.10118,0.43728,0.64743,1.4003,0.38096,0.48909,0.48825,0.7161
0.43657,1.0967,7.3,1,988.72,0.18915,0.54784,0.87048,1.795,0.37394,0.49618,0.73735,0.5187
0.30525,1.6936,7.3,2,699.74,0.11298,0.32144,0.71813,1.1385,0.43642,0.23108,0.43969,0.43823
0.56691,1.0078,7.3,4,1038.3,0.15308,0.52737,0.90939,1.6002,0.47262,0.43629,0.53112,0.78337
0.24427,0.84701,7.3,5,845.05,0.12785,0.39187,0.5866,1.503,0.53611,0.42914,0.66525,0.8859
0.26152,1.4171,7.3,3,1018.3,0.12454,0.46395,0.66267,1.597,0.3292,0.53283,0.84069,0.62327
0.23028,0.56273,7.3,1,930.58,0.13805,0.28059,0.61031,1.4614,0.26536,0.75048,0.66322,0.89358
0.34342,1.1999,7.3,3,818.5,0.17969,0.71174,0.96669,1.5729,0.32062,0.4993,0.57523,1.0261
0.36751,1.0674,7.3,1,721.93,0.20609,0.49353,0.85856,1.6382,0.46594,0.77398,0.66764,0.57877
0.61259,1.6296,7.3,5,445.92,0.13367,0.46228,0.69922,1.3766,0.55391,0.44534,0.33579,0.45781
0.30858,1.1438,7.3,4,808.03,0.19365,0.65889,0.96454,1.3696,0.26359,0.47585,0.55028,0.63658
0.45558,1.1951,7.3,3,801.13,0.085871,0.38736,0.74154,1.8357,0.24083,0.77146,0.43751,0.9345
0.40519,0.48216,7.3,3,840.29,0.03,0.40385,0.84324,1.4296,0.58206,0.64186,0.45604,0.70799
0.36732,1.4811,7.3,1,715.64,0.14707,0.49785,0.77237,1.5995,0.33709,0.39873,0.28389,0.42719
0.32007,0.83615,7.3,2,787.06,0.20092,0.60881,1.1028,2.0376,0.55088,0.5533,0.356,1.0056
0.29976,0.84691,7.3,1,623.75,0.12667,0.51698,0.81241,1.4111,0.6412,0.54122,0.59646,0.5063
0.23634,1.6296,7.3,4,891.75,0.18151,0.52671,0.64544,1.3462,0.41895,0.87032,0.55861,0.9575
0.44791,1.3066,7.3,3,341.03,0.10278,0.47181,0.78003,1.4613,0.38681,0.31071,0.52668,0.68976
0.4124,0.93879,7.3,2,1097.2,0.10735,0.72016,1.2306,1.3634,0.3396,0.67256,0.75245,0.3108
0.3831,0.65531,7.3,2,536.78,0.15368,0.49651,0.60431,1.3828,0.46293,0.58497,0.55911,0.71022
0.49659,1.3172,7.3,2,590.13,0.17273,0.39946,0.62808,1.4419,0.37482,0.5994,0.60682,0.87743
0.31566,0.97879,7.3,2,891.41,0.24765,0.61537,0.9739,1.7072,0.3836,0.47271,0.34375,0.79992
0.5969,0.50151,7.3,2,1139,0.18368,0.50871,0.80148,1.5991,0.43537,0.31085,0.23159,0.81672
0.46529,1.5176,7.3,2,1072.1,0.15045,0.69525,1.0007,1.1675,0.31168,0.37909,0.50707,1.2763
0.49806,1.2943,7.3,4,607.85,0.10145,0.62834,1.094,1.7609,0.29859,0.41704,0.65005,0.73763
0.34082,0.99448,7.3,1,993.59,0.15631,0.32942,0.55522,1.3918,0.24296,0.58252,0.55952,0.83957
0.34681,1.39,7.3,2,973.73,0.11531,0.45869,0.71128,1.6835,0.42303,0.51232,0.87742,0.55463
0.38652,0.9154,7.3,4,876.61,0.20115,0.45653,0.7343,1.5009,0.34784,0.52926,0.52778,0.47308
0.58877,1.0727,7.3,5,948.7,0.16419,0.69242,0.92936,1.6399,0.35171,0.44024,0.4396,0.95331
0.50811,0.91793,7.3,5,1106.1,0.12295,0.57181,0.89365,1.6634,0.42471,0.66642,0.41713,0.64442
0.39473,1.0055,7.3,2,734.7,0.185,0.51024,0.74737,1.321,0.34079,0.59388,0.6417,0.31944
0.44035,0.53877,7.3,2,640.2,0.13643,0.4704,1.0165,1.382,0.48295,0.73028,0.90443,0.71164
0.53529,1.7624,7.3,1,660.6,0.18728,0.5828,0.84043,1.377,0.37802,0.31091,0.80456,0.89411
0.57972,0.8722,7.3,5,333.11,0.21585,0.61643,1.0766,1.905,0.41835,0.61752,0.49709,0.90738
0.4644,0.60846,7.3,2,633.85,0.045219,0.34349,0.66676,1.4523,0.61233,0.3238,0.43468,0.84008
0.51758,0.81771,7.3,4,668.35,0.1518,0.49729,0.96258,1.7791,0.52975,0.58099,0.72777,0.83321
0.38044,0.43541,7.3,2,832.95,0.10641,0.73949,0.79732,1.3763,0.28354,0.34027,0.73328,0.66506
0.50618,1.1167,7.3,1,1039.4,0.17751,0.60202,0.89718,1.571,0.37689,0.67596,0.44828,0.82793
0.4394,1.0083,7.3,4,879.79,0.098279,0.46198,0.77945,1.2783,0.37637,0.43601,0.81803,0.27337
0.40978,1.0044,7.3,4,660.26,0.17703,0.68846,0.92395,1.8618,0.32582,0.60337,0.50833,0.77539
0.59722,1.443,7.3,1,823.95,0.10107,0.38863,0.6875,1.51,0.2966,0.52632,0.74518,0.76406
0.43429,1.076,7.3,2,814.12,0.2074,0.68416,0.76554,1.2378,0.52726,0.51752,0.71284,0.66001
0.52338,1.196,7.3,5,534.56,0.1464,0.41125,0.78174,1.0896,0.50032,0.8026,0.94016,0.5543
0.14676,0.95048,7.3,1,1048.5,0.16316,0.59944,1.1639,1.8549,0.36765,0.73345,0.45083,0.48328
0.41853,1.1609,7.3,1,511.93,0.12175,0.53964,0.69092,1.1735,0.57741,0.23262,0.45111,0.60895
0.46615,0.83222,7.3,3,960.67,0.12454,0.61546,0.98925,1.5934,0.32147,0.46644,0.70585,0.65362
0.59361,0.87052,7.3,5,431.77,0.21038,0.60688,1.0189,2.0298,0.49036,0.37097,0.5231,0.80985
0.36299,0.43875,7.3,1,463.69,0.22898,0.51554,0.75785,1.2973,0.28337,0.46555,0.54183,0.35368
0.60902,0.85805,7.3,3,909.51,0.13005,0.47423,0.79694,1.6147,0.68187,0.398,0.58426,0.56877
0.32507,0.64147,7.3,4,784.09,0.21916,0.74544,0.99926,1.6663,0.57658,0.50072,0.51239,0.5544
0.2859,0.91159,7.3,1,716.43,0.15952,0.52772,0.90176,1.6804,0.27922,0.77866,0.62593,0.7375
0.50017,1.2136,7.3,1,1026.8,0.094485,0.40709,0.63811,1.1841,0.41448,0.4089,0.43966,0.47352
0.53162,0.90485,7.3,5,629.52,0.14049,0.62389,0.91643,1.8795,0.57808,0.41489,0.65201,0.73282
0.61711,1.4037,7.3,1,952.89,0.085239,0.17995,0.62551,1.336,0.34317,0.37953,0.70874,0.36917
0.24837,1.1295,7.3,2,1089.3,0.17548,0.48517,0.79388,1.6526,0.32447,0.65436,0.83492,0.59606
0.3617,0.91293,7.3,4,966.48,0.11589,0.55267,0.89819,1.5692,0.2764,0.12034,0.47519,0.80457
0.23693,1.2414,7.3,2,567.05,0.097531,0.69788,1.0989,1.9697,0.44696,0.70482,0.5406,0.42073
0.34171,1.1048,7.3,1,698.38,0.17611,0.25155,0.63811,1.5055,0.54207,0.57771,0.91097,0.55623
0.52376,0.79752,7.3,3,909.25,0.20151,0.59079,1.1128,2.1483,0.29837,0.58465,0.83656,0.46684
0.50996,1.3479,7.3,2,1046.3,0.14093,0.39445,0.9226,1.7478,0.19847,0.23529,0.79745,0.93481
0.38378,0.98849,7.3,1,833.28,0.14792,0.50827,0.7504,1.4261,0.34697,0.56218,0.58087,0.62294
0.36267,0.85068,7.3,5,944.73,0.060486,0.39519,0.69874,1.1484,0.45077,0.37149,0.47021,0.17822
0.44901,0.95036,7.3,1,877.92,0.11404,0.53235,0.79902,1.1793,0.4077,0.53674,0.28358,0.99386
0.40881,1.0766,7.3,4,625.81,0.17278,0.43,0.6619,1.105,0.2034,0.03,0.49071,0.75011
0.41856,0.84579,7.3,5,786.66,0.15584,0.44642,0.54443,1.6888,0.57885,0.50133,0.6019,0.61283
0.42285,1.3149,7.3,5,773.23,0.20904,0.60307,0.81166,1.481,0.23086,0.5945,0.74411,0.77038
0.37549,0.9109,7.3,1,876.55,0.15102,0.3379,0.81498,1.297,0.42187,0.39522,0.28909,0.40583
0.48524,1.0623,7.3,2,1030.6,0.20687,0.78005,0.94712,1.7841,0.61764,0.50396,0.53376,0.937
0.30424,0.99511,7.3,1,854.89,0.15221,0.52055,0.71102,1.1141,0.52466,0.45401,0.60686,0.60225
0.44987,1.2656,7.3,5,1241.6,0.16179,0.67461,0.94995,1.7938,0.61061,0.5174,0.03,0.50609
0.5135,1.5101,7.3,5,974.43,0.095076,0.54076,0.90826,1.6207,0.17121,0.2358,0.79917,0.87308
0.11455,0.49239,7.3,3,703.56,0.15798,0.50494,0.83959,1.9525,0.648,0.41998,0.50477,0.62131
0.53464,1.0561,7.3,1,837.45,0.1104,0.53533,1.0297,1.6343,0.3201,0.5006,0.70547,0.11332
0.19245,1.3898,7.3,1,1247.2,0.15911,0.35321,0.71957,1.1478,0.42507,0.42843,0.67569,1.1084
0.41899,0.9468,7.3,3,824.31,0.097213,0.51088,0.96826,1.7758,0.2629,0.46546,0.3794,0.58021
0.44186,1.3801,7.3,2,854.48,0.12576,0.54327,0.85619,1.8294,0.39736,0.70968,0.58595,0.52125
0.33284,0.80711,7.3,2,814.23,0.18978,0.38785,0.71952,1.5226,0.38277,0.47624,0.5775,0.67696
0.58655,1.1767,7.3,1,670.55,0.089094,0.43522,0.81067,1.6408,0.32854,0.42845,0.64331,0.38532
0.4566,1.1475,7.3,1,603.81,0.13404,0.20191,0.4377,1.2156,0.35358,0.3194,0.74997,0.90189
0.35745,0.90466,7.3,3,710.56,0.18227,0.6112,0.86223,1.9056,0.32929,0.17954,0.63675,0.55548
0.49735,0.6759,7.3,3,402.11,0.078304,0.27964,0.48469,1.3131,0.38788,0.59598,0.49477,0.66466
0.24353,0.92899,7.3,3,949.46,0.12996,0.47613,0.82119,1.5445,0.54301,0.489,0.45957,0.85241
0.42801,1.3113,7.3,5,887.39,0.089563,0.3883,0.7814,1.1571,0.16192,0.3108,0.18154,0.60467
0.12869,0.8483,7.3,1,687.01,0.26074,0.7709,1.0472,1.848,0.28417,0.34893,0.46784,0.89767
0.42101,1.3448,7.3,4,651.29,0.10005,0.52066,0.83977,1.2856,0.46652,0.73986,0.097226,0.84396
0.22842,0.5025,7.3,4,1049.3,0.093776,0.49489,0.89701,1.3399,0.19932,0.53854,0.50075,0.6384
0.44762,0.80243,7.3,3,859.09,0.14627,0.52441,0.93168,2.1336,0.42285,0.51901,0.46942,0.73627
0.45716,0.64758,7.3,3,994.39,0.16724,0.46448,0.76987,1.4339,0.31865,0.39696,0.49386,0.78974
0.40623,1.1218,7.3,5,587.64,0.12974,0.51079,0.86313,1.6102,0.32133,0.55292,0.44993,0.58193
0.45524,1.1683,7.3,5,569.53,0.11365,0.63362,0.96269,1.1539,0.61769,0.59696,0.65243,0.85
0.46045,1.2291,7.3,1,840.96,0.13191,0.47005,0.6905,1.2599,0.47608,0.57163,0.65625,0.56543
0.50488,0.92462,7.3,5,526.91,0.16921,0.55187,0.91086,1.8703,0.41755,0.52464,0.52615,1.1491
0.41772,1.1741,7.3,1,1031.9,0.18791,0.58028,1.0307,1.9258,0.31295,0.68576,0.52792,0.92061
0.38069,0.74209,7.3,3,754.61,0.12466,0.51238,0.76336,1.161,0.39987,0.79286,0.66124,1.0645
0.35922,0.92749,7.3,3,797.56,0.12038,0.50655,0.77536,1.5489,0.34995,0.61842,0.7132,0.7314
0.4723,0.92939,7.3,5,418.17,0.1688,0.57475,0.92165,1.6318,0.49942,0.16587,0.60839,0.52039
0.42258,0.84446,7.3,2,881.6,0.12855,0.59984,0.92252,1.5463,0.42851,0.5537,0.4147,0.7409
0.27977,0.71507,7.3,1,472.97,0.13563,0.50564,0.78461,1.4506,0.49424,0.40903,0.60546,0.59901
0.42094,1.0719,7.3,3,481.15,0.20254,0.68024,1.19,1.8655,0.39219,0.3458,0.87621,0.62553
0.51398,1.1676,7.3,1,924.04,0.16865,0.42728,0.78604,1.2642,0.19423,0.41375,0.87431,1.1598
0.28647,1.1051,7.3,2,911.14,0.22002,0.53211,0.75281,1.485,0.50329,0.65495,0.55543,0.50475
0.5123,1.0826,7.3,5,973.12,0.12925,0.51547,0.9174,1.8313,0.18678,0.66933,0.55726,0.59721
0.52219,0.6755,7.3,5,768.62,0.086734,0.32727,0.51412,1.6092,0.31529,0.43131,0.51191,0.6181
0.39987,0.5396,7.3,1,796.28,0.17359,0.54518,0.77948,1.0397,0.4162,0.61954,0.68487,0.52807
0.30001,1.0073,7.3,4,848.58,0.15337,0.49492,0.78233,1.7484,0.51853,0.61003,0.75594,0.89823
0.32455,1.4714,7.3,5,822.35,0.24947,0.54847,0.74087,1.3703,0.51177,0.36471,0.79595,0.58981
0.53259,0.38853,7.3,5,722.92,0.14997,0.48533,0.72046,1.588,0.24536,0.33051,0.43352,0.86053
0.24964,0.93844,7.3,2,823.73,0.1338,0.43569,0.73011,1.5171,0.54268,0.55917,0.75364,1.0504
0.37572,0.94629,7.3,3,822.08,0.089014,0.41535,0.94119,1.7282,0.47714,0.90744,0.55147,0.45834
0.4348,0.99691,7.3,5,867.3,0.16101,0.58247,1.0616,1.9543,0.42109,0.40958,0.44175,0.36
0.3109,0.62668,7.3,4,529.78,0.20088,0.5936,0.76971,1.3395,0.32418,0.48116,0.36603,0.84417
0.41341,0.78868,7.3,3,1046.5,0.20235,0.45163,0.84181,1.9049,0.40954,0.35869,0.56017,0.42817
0.464,0.67172,7.3,4,912.9,0.08705,0.35753,0.61379,1.455,0.22142,0.60471,0.63604,0.60842
0.3509,1.3387,7.3,2,1006.8,0.11369,0.4027,0.64926,0.98517,0.42813,0.3206,0.39413,0.52743
0.39444,1.3355,7.3,1,940.56,0.14545,0.64444,0.90388,2.129,0.42499,0.61569,0.70019,0.72857
0.3978,0.93242,7.3,4,986.47,0.11314,0.55734,0.88864,1.2497,0.41493,0.65753,0.53443,0.90248
0.54552,1.0216,7.3,2,699.16,0.17108,0.47071,0.78044,1.4149,0.53282,0.47315,0.55524,0.62018
0.45258,0.58623,7.3,2,878.28,0.17455,0.41571,0.7571,1.7898,0.4042,0.62666,0.47293,0.76575
0.382,1.009,7.3,4,890.16,0.13404,0.57835,0.84508,1.6157,0.28548,0.40246,0.70743,0.92147
0.49313,0.88076,7.3,4,1029.3,0.19173,0.64412,0.91292,1.7566,0.41438,0.54352,0.43151,0.73326
0.391,1.5075,7.3,2,1096.8,0.12763,0.38638,0.76475,1.4802,0.27293,0.37163,0.65245,0.72494
0.40815,1.2265,7.3,5,936.41,0.18525,0.45942,0.84426,1.4109,0.27986,0.47481,0.26476,0.6336
0.44339,1.1572,7.3,2,828.22,0.1285,0.57061,0.83716,1.6844,0.57307,0.64316,0.86604,0.73293
0.28356,0.85769,7.3,4,731.77,0.12129,0.27077,0.75495,1.6297,0.47526,0.62092,0.54185,0.76907
0.48373,0.99408,7.3,5,837.94,0.20563,0.64,0.94397,1.9416,0.22963,0.41602,0.30478,0.59539
0.46113,1.9414,7.3,3,571.69,0.19797,0.44959,0.99221,1.5977,0.4181,0.35915,0.60917,0.84184
0.5825,1.4658,7.3,2,907.13,0.18634,0.59521,0.83228,1.1443,0.40615,0.47761,0.62666,0.87926
0.18515,1.0187,7.3,4,522.9,0.17527,0.35734,0.62957,1.4365,0.39899,0.55247,0.65198,0.33455
0.38237,1.1339,7.3,3,842.36,0.14093,0.46381,0.8102,1.67,0.17387,0.42565,0.41741,0.78171
0.61818,1.0648,7.3,3,825.65,0.23962,0.46417,0.79631,1.5254,0.488,0.30781,0.6221,0.68158
0.45222,0.9505,7.3,4,726.42,0.10951,0.43522,0.71981,1.4275,0.62145,0.56569,0.35046,0.59833
0.53932,0.92165,7.3,5,976.17,0.091539,0.29153,0.60404,1.6734,0.47153,0.65511,0.54328,0.76967
0.36517,1.0385,7.3,3,781.14,0.16654,0.51133,0.88089,1.8974,0.40954,0.57699,0.49806,0.58189
0.4838,1.2529,7.3,1,755.94,0.13819,0.51339,0.79127,1.7423,0.15096,0.48044,0.19368,0.51454
0.59848,1.2293,7.3,3,675.17,0.15544,0.48366,0.83788,1.274,0.46441,0.61864,0.40581,0.80434
0.21213,1.0661,7.3,2,359.3,0.14593,0.75906,1.1584,1.53,0.52202,0.45891,0.30229,0.79557
0.49891,1.3122,7.3,1,638.27,0.14894,0.60071,1.1106,2.0252,0.25318,0.35712,0.47337,0.56043
0.51122,0.60257,7.3,4,473.66,0.16412,0.5207,0.7485,1.5126,0.31965,0.41434,0.50298,0.55523
0.31987,1.1907,7.3,2,795.41,0.20634,0.57085,0.91229,1.3722,0.38092,0.53363,0.52537,0.52972
0.26026,0.49679,7.3,4,892.85,0.095022,0.40748,0.7637,1.4473,0.27181,0.17712,0.60616,0.82725
0.24824,0.90568,7.3,3,1060.3,0.18182,0.537,0.77551,1.5637,0.42751,0.45788,0.39192,0.39731
0.59117,0.82091,7.3,2,960.66,0.18627,0.59595,0.76892,1.5829,0.37573,0.6195,0.19814,1.2021
0.21916,1.1253,7.3,2,526.17,0.08232,0.20102,0.67171,1.628,0.51965,0.58595,0.69583,0.96159
0.5716,0.30864,7.3,1,939.09,0.19073,0.70264,0.92867,1.5609,0.32405,0.66559,0.47258,0.67563
0.5713,0.76749,7.3,3,803.53,0.13266,0.61739,0.97739,1.769,0.30525,0.53937,0.72147,0.39662
0.28575,0.51379,7.3,5,481.47,0.13305,0.43498,0.76601,1.4867,0.39427,0.37487,0.44728,0.56334
0.3445,1.1283,7.3,1,444.82,0.16185,0.59073,0.85315,1.4786,0.40315,0.39627,0.61222,0.41998
0.62393,1.0708,7.3,1,670.18,0.18399,0.56763,0.82545,1.4765,0.37524,0.73486,0.51286,0.67883
0.43557,0.94628,7.3,3,895.39,0.132,0.48817,0.91169,1.7792,0.35192,0.55858,0.42469,0.7403
0.38233,0.93806,7.3,4,910.08,0.13857,0.55486,0.8659,1.0911,0.40884,0.4354,0.74815,0.9066
0.40344,1.3657,7.3,4,1048.1,0.0944,0.5139,0.82777,1.6019,0.45159,0.35344,0.56573,0.59062
0.42893,0.98826,7.3,2,945.21,0.19191,0.32639,0.72125,1.3016,0.28119,0.28436,0.59513,0.83843
0.37434,1.0236,7.3,1,624.13,0.16435,0.47638,0.78163,1.358,0.31207,0.72562,0.57337,0.64649
0.28154,0.79477,7.3,3,861.45,0.19119,0.48175,0.78665,1.4254,0.25331,0.58801,0.62968,0.59705
0.24557,1.0325,7.3,2,639.98,0.18939,0.62024,0.86978,1.5411,0.52858,0.30005,0.59497,0.57026
0.21389,0.94205,7.3,1,851.9,0.22048,0.46483,0.74951,1.3257,0.32352,0.63414,0.52103,0.94037
0.12621,0.94545,7.3,4,409.91,0.20741,0.52118,0.75318,1.3376,0.19058,0.59032,0.8758,0.66922
0.42367,0.87989,7.3,5,928.55,0.17495,0.64582,0.81462,1.5751,0.47954,0.52998,0.36176,0.31413
0.52587,0.93711,7.3,2,288.43,0.11571,0.50077,0.7723,1.1353,0.60901,0.73079,0.34591,0.65955
0.33119,0.96887,7.3,2,739.65,0.11655,0.60307,0.71579,1.498,0.37537,0.55034,0.8006,0.65786
0.29371,1.3992,7.3,3,1046.8,0.095119,0.43706,0.70974,1.4214,0.37214,0.3191,0.29782,0.99316
0.37779,0.83741,7.3,5,465.53,0.18035,0.55628,0.95037,1.6357,0.49485,0.81754,0.59793,0.40881
0.42999,1.2937,7.3,4,400.21,0.19995,0.69924,1.1047,2.0569,0.25011,0.74969,0.71105,0.71433
0.36806,1.0827,7.3,4,1020.9,0.21216,0.51596,0.7817,1.545,0.42688,0.66462,0.18228,1.163
0.43045,1.4347,7.3,3,814.46,0.13287,0.59848,0.89189,1.3317,0.3946,0.57862,0.67384,0.68228
0.81475,0.9079,7.3,4,350.19,0.20472,0.60846,0.95884,1.844,0.44706,0.72439,0.72969,0.37242
0.54485,0.78199,7.3,2,1093.5,0.076406,0.55312,0.97384,1.2953,0.51468,0.68592,0.54397,0.58469
0.44627,1.3837,7.3,2,810.05,0.24354,0.61502,0.76581,1.2277,0.46826,0.33074,0.35304,0.53334
0.39339,0.17074,7.3,4,796.36,0.1523,0.54665,0.84236,1.546,0.43779,0.28346,0.62184,0.56981
0.4464,0.82955,7.3,5,1046.4,0.14912,0.65903,0.75629,1.5627,0.30064,0.65321,0.6943,0.53008
0.29373,1.829,7.3,1,1117.1,0.1485,0.48489,0.79363,1.4925,0.3153,0.39884,0.55864,1.1002
0.67918,1.0182,7.3,2,326.02,0.15787,0.34979,0.83222,1.2418,0.28997,0.46161,0.63109,0.88459
0.27649,0.38098,7.3,1,699.68,0.16021,0.36636,0.49317,0.89589,0.29377,0.69055,0.3447,0.79382
0.52012,1.0092,7.3,3,609.08,0.17579,0.58792,0.89022,1.6601,0.46044,0.56877,0.4174,0.88882
0.48079,1.0979,7.3,2,727.51,0.20521,0.46853,0.67262,1.6677,0.35102,0.595,0.29901,0.81788
0.51354,1.2194,7.3,4,520.28,0.18476,0.6716,0.91965,1.4677,0.25185,0.54258,0.62294,0.44359
0.29893,1.4065,7.3,4,236.84,0.11742,0.4792,0.77436,1.3908,0.36657,0.2224,0.72569,0.6841
0.2331,0.9354,7.3,1,691.99,0.18967,0.61135,0.88166,2.0102,0.28857,0.36982,0.51297,0.36576
0.36457,1.1609,7.3,1,1172.2,0.095232,0.54419,0.97351,1.9647,0.28401,0.51589,0.41898,0.86413
0.51017,1.1723,7.3,5,1255.5,0.18022,0.60016,0.93049,1.9625,0.28281,0.68297,0.53053,0.61101
0.38476,0.99537,7.3,2,943.82,0.16682,0.4903,0.79525,1.1379,0.22548,0.49321,0.75818,0.79627
0.54781,1.018,7.3,3,330.32,0.2191,0.59349,0.99976,1.4187,0.42219,0.51539,0.2262,0.23936
0.38556,0.7247,7.3,5,385.77,0.15508,0.51083,0.60087,1.2908,0.53511,0.51792,0.71726,0.91564
0.42988,0.84271,7.3,4,492.79,0.14747,0.59022,0.98801,1.3168,0.28545,0.4749,0.60918,0.65198
0.57948,0.68487,7.3,2,296.95,0.13726,0.3437,0.61167,0.84306,0.52639,0.5062,0.54353,0.45483
0.47313,1.0918,7.3,1,903.13,0.19943,0.5694,0.88758,1.6068,0.4388,0.44612,0.57626,0.6456
0.29414,0.98272,7.3,3,802.71,0.23627,0.56816,0.82075,1.4522,0.50726,0.37516,0.38269,0.51745
0.38585,0.94666,7.3,2,676.85,0.15626,0.62611,1.0177,1.9197,0.56312,0.52888,0.36489,0.85729
0.3145,1.4446,7.3,1,855.93,0.1749,0.59016,0.91077,1.4456,0.47586,0.66451,0.2804,0.58078
0.40957,1.0395,7.3,4,970.22,0.10705,0.37988,0.67378,1.2881,0.4878,0.28017,0.38623,0.47174
0.35074,0.98439,7.3,2,524.96,0.15331,0.43364,0.66899,1.3243,0.21059,0.65303,0.50634,0.65925
0.25335,0.83497,7.3,3,507.74,0.13642,0.49692,0.86211,1.6476,0.23048,0.47443,0.37696,0.80959
0.47891,0.47981,7.3,4,616.37,0.19692,0.78541,1.0814,2.2259,0.36315,0.55529,0.41414,0.64497
0.44803,0.88377,7.3,5,715.33,0.12443,0.4042,0.79848,1.4477,0.33291,0.57568,0.56502,0.6961
0.56988,0.29046,7.3,4,620.55,0.17297,0.65865,1.0065,1.8801,0.37829,0.23128,0.71244,0.71432
0.29562,0.82862,7.3,2,927.81,0.2009,0.55697,0.63835,1.6182,0.30325,0.66372,0.36228,0.97883
0.4868,1.003,7.3,1,596.88,0.10604,0.36079,0.58705,1.4512,0.368,0.27501,0.65963,0.52189
0.54232,1.3767,7.3,1,1000.1,0.22176,0.45673,0.83986,1.7543,0.342,0.29346,0.84216,0.87641
0.44904,0.75377,7.3,2,1174.8,0.083723,0.3592,0.66257,1.6291,0.31451,0.47977,0.48898,0.56235
0.24254,1.0916,7.3,4,775.53,0.17215,0.36164,0.71316,1.4347,0.43942,0.62414,0.77157,0.46038
0.32788,0.99999,7.3,4,729.31,0.10169,0.47786,0.81703,1.4723,0.20066,0.6196,0.38234,0.73358
0.39093,0.32687,7.3,2,557.26,0.15386,0.55154,1.0079,1.5751,0.29432,0.61178,0.39728,0.41993
0.41686,0.441,7.3,1,490.55,0.1015,0.51444,0.85327,1.8216,0.03,0.58307,0.79294,0.68121
0.39005,0.94132,7.3,2,938.3,0.17468,0.46644,0.94077,1.577,0.50467,0.24698,0.46378,0.72194
0.38595,1.3677,7.3,3,537.62,0.16441,0.33785,0.57702,1.0021,0.54273,0.66438,0.54186,0.80759
0.42334,0.81894,7.3,4,810.78,0.16038,0.59183,0.97055,1.6155,0.5802,0.6424,0.45277,0.94741
0.55253,1.2035,7.3,3,759.15,0.097631,0.35434,0.48754,1.1059,0.43206,0.25891,0.5736,0.83875
0.50854,0.7821,7.3,2,520.73,0.093879,0.51596,0.64608,1.2062,0.2646,0.64593,0.42971,0.88402
0.45144,0.67818,7.3,4,1235.5,0.10788,0.68539,0.97466,1.8761,0.30662,0.50426,0.52486,0.36109
0.43243,0.60925,7.3,2,580.64,0.19405,0.37178,0.58874,1.1543,0.39324,0.62454,0.74662,0.79371
0.57631,0.93111,7.3,4,896.76,0.094226,0.3811,0.7808,1.7992,0.5017,0.51193,0.70474,0.77596
0.4329,0.803,7.3,5,1411.7,0.17852,0.56276,0.95253,1.7639,0.4252,0.64782,0.39804,0.65324
0.4447,1.1145,7.3,4,907.88,0.10428,0.52267,0.88015,0.91335,0.24791,0.46706,0.66758,0.44527
0.30306,0.56536,7.3,3,469.91,0.1242,0.39409,0.70953,1.5953,0.3985,0.33894,0.28716,0.57533
0.50844,0.70657,7.3,2,536.82,0.10497,0.50659,0.82118,1.3687,0.37979,0.66619,0.96734,0.55857
0.2057,0.63269,7.3,5,802.76,0.1343,0.50662,0.84088,1.6793,0.44034,0.64535,0.82032,0.33599
0.16032,0.67688,7.3,5,950.78,0.07833,0.63076,0.97687,1.3131,0.23374,0.62674,0.66856,0.71264
0.20269,1.1871,7.3,4,678.93,0.2027,0.6498,1.0606,1.6473,0.29729,0.5404,0.51448,0.8761
0.43356,0.86263,7.3,3,845.89,0.16053,0.45382,0.62338,1.4643,0.45389,0.54554,0.52367,0.69804
0.33818,0.83147,7.3,1,807.45,0.15653,0.35482,0.67547,1.508,0.64164,0.47732,0.54313,0.50541
0.33938,1.0409,7.3,2,266.21,0.15816,0.53813,1.0089,1.448,0.46499,0.47454,0.35056,0.26805
0.17215,1.3065,7.3,2,1115.7,0.11945,0.3567,0.6649,1.2123,0.4278,0.48368,0.48719,0.72269
0.26686,1.5808,7.3,2,669.57,0.14576,0.32109,0.71682,1.2584,0.49967,0.53746,0.99169,0.69989
0.50238,1.4684,7.3,3,615.2,0.1591,0.58473,0.92291,1.3806,0.32793,0.40548,0.31102,0.38457
0.40501,1.4077,7.3,4,1072.7,0.16892,0.41806,0.78457,1.3605,0.22854,0.7088,0.72958,0.879
0.25187,0.44057,7.3,2,745.8,0.15673,0.47815,0.7751,1.4537,0.38288,0.58153,0.45264,0.69718
0.41283,0.48488,7.3,2,715.42,0.11143,0.50549,0.94494,1.262,0.33214,0.43328,0.39966,0.4935
0.6474,0.98144,7.3,1,867.21,0.16881,0.52559,0.77678,1.3495,0.42498,0.47369,0.60786,0.57394
0.65753,0.78841,7.3,2,556.42,0.15943,0.56714,0.95004,1.7052,0.57966,0.49111,0.617,0.20993
0.37666,1.3322,7.3,3,784.03,0.15543,0.56965,0.76102,1.133,0.43124,0.19217,0.39209,0.49722
0.36967,0.98657,7.3,3,859.96,0.19834,0.69093,0.80553,1.4793,0.54392,0.42783,0.91339,0.79975
0.49901,1.0356,7.3,5,789.47,0.14414,0.51438,0.82335,1.552,0.48552,0.16922,0.64955,0.43583
0.28148,1.2635,7.3,5,918.67,0.17456,0.60834,0.95667,1.3907,0.4279,0.44714,0.70413,0.74809
0.37265,0.97602,7.3,3,790.9,0.080542,0.55463,0.81705,1.2484,0.38069,0.75206,0.30461,0.19549
0.26148,1.177,7.3,5,858.4,0.090771,0.47459,0.75503,1.2815,0.52157,0.69102,0.47368,0.51615
0.45652,0.83358,7.3,2,968.2,0.2053,0.66975,0.8507,1.3073,0.45521,0.50057,0.39348,0.5741
0.3719,0.8153,7.3,3,464.62,0.12131,0.41613,0.81064,1.4456,0.3535,0.41388,0.44182,0.77331
0.42337,0.79329,7.3,3,605.77,0.11492,0.4562,0.85905,1.3199,0.57736,0.66745,0.49492,0.42843
0.55373,1.035,7.3,5,916.04,0.20005,0.38013,0.77722,1.5167,0.58791,0.71109,0.52547,0.47028
0.45867,0.74332,7.3,5,432.78,0.11088,0.66388,0.96462,1.937,0.26963,0.49013,0.85194,0.87319
0.37644,1.2391,7.3,2,486.49,0.14267,0.50931,0.70305,1.6119,0.57078,0.40901,0.49341,0.32641
0.31634,0.26074,7.3,3,1002.3,0.1601,0.51918,0.62276,1.4106,0.4743,0.52131,0.58286,0.35925
0.51476,0.85762,7.3,1,705.27,0.16809,0.47607,0.90724,1.6267,0.28445,0.20728,0.21476,0.82902
0.17406,1.1689,7.3,3,652.97,0.1922,0.64547,1.0103,1.6661,0.076037,0.56414,0.43944,0.69095
0.54304,0.83413,7.3,4,901.54,0.052329,0.24368,0.60689,1.5726,0.44143,0.5047,0.41148,0.5187
0.43396,0.91152,7.3,1,1041.8,0.11655,0.40243,0.82619,1.3645,0.33692,0.62424,0.65306,0.53382
0.5534,1.0375,7.3,1,322.79,0.11584,0.21346,0.51673,1.1193,0.56543,0.31999,0.53363,0.54863
0.43064,1.0327,7.3,5,849.75,0.19812,0.46993,0.83472,1.6008,0.4123,0.43975,0.69704,0.83235
0.2959,0.66405,7.3,5,841.93,0.19511,0.545,0.89798,1.5979,0.16767,0.24828,0.37596,0.50717
0.32254,1.1419,7.3,3,1101.5,0.11009,0.44834,0.72308,1.5644,0.25007,0.72862,0.65604,0.98825
0.40533,1.5336,7.3,4,676.77,0.10919,0.38478,0.58284,1.5278,0.4387,0.64114,0.98371,0.61233
0.6709,1.24,7.3,2,870.63,0.12376,0.50081,0.77901,1.2035,0.40371,0.74395,0.49994,0.91164
0.22191,0.80259,7.3,5,419.29,0.28537,0.50006,0.82316,1.6078,0.35619,0.46832,0.57283,0.76314
0.40531,1.0324,7.3,4,182.35,0.15405,0.48352,0.72243,1.6212,0.34255,0.45448,0.38539,0.52415
0.36588,0.84481,7.3,4,992.73,0.1598,0.40405,0.82047,1.2168,0.2802,0.55049,1.012,0.8856
0.60874,1.036,7.3,1,209.26,0.10978,0.50426,0.84145,2.0472,0.47968,0.69501,0.28788,0.47307
0.53892,1.5793,7.3,5,635.09,0.14683,0.35366,0.707,1.346,0.31991,0.68565,0.3431,0.8824
0.3702,0.8402,7.3,4,326.28,0.10697,0.36428,0.86108,1.6341,0.16749,0.41394,0.34965,0.79103
0.33168,1.2768,7.3,4,749.58,0.19296,0.55518,1.0316,1.8805,0.23519,0.49396,0.36713,0.75856
0.11608,0.68898,7.3,4,1072.3,0.1285,0.48681,1.0592,1.8843,0.52441,0.69117,0.38368,0.71363
0.25806,1.0839,7.3,1,1115.3,0.036354,0.33205,0.66364,1.0595,0.31723,0.51993,0.50377,0.68191
0.34432,0.84307,7.3,4,641.12,0.18354,0.56185,0.71957,1.6,0.35256,0.45408,0.81302,0.34201
0.41906,1.1639,7.3,1,976.6,0.12983,0.34993,0.81853,1.723,0.41035,0.54358,0.67344,0.67763
0.51583,1.2116,7.3,4,859.28,0.17686,0.6423,1.04,1.5158,0.46403,0.26632,0.54154,0.45385
0.29827,1.1405,7.3,1,1090.2,0.065129,0.57691,0.78281,1.0794,0.59726,0.60947,0.4613,0.76546
0.68033,0.96999,7.3,4,718.71,0.16001,0.66142,0.90502,1.4401,0.393,0.61268,0.44232,0.88563
0.4675,0.67963,7.3,3,342.61,0.14985,0.73707,1.2809,2.3295,0.50033,0.35909,0.53773,0.61261
0.57583,0.22338,7.3,2,1151.6,0.23468,0.47609,0.819,1.833,0.26766,0.43233,0.40339,0.53575
0.7737,0.86535,7.3,4,837.83,0.05743,0.24796,0.57271,0.95692,0.33441,0.41635,0.58116,0.65215
0.37533,0.56792,7.3,2,645.8,0.166,0.61543,0.70376,1.3386,0.32006,0.38656,0.52073,0.73948
0.40386,1.2804,7.3,5,383.63,0.035443,0.39621,0.75365,1.3999,0.36525,0.30325,0.50424,0.70011
0.40926,1.1128,7.3,1,177.32,0.13525,0.49363,0.81068,1.3773,0.28562,0.63159,0.55811,0.49764
0.34094,0.92462,7.3,5,669.3,0.21691,0.45059,0.85804,1.4498,0.39501,0.42638,0.70952,0.67379
0.28007,1.1491,7.3,5,615.38,0.19912,0.7626,1.0462,1.8075,0.34393,0.45386,0.45656,0.90803
0.34498,1.0278,7.3,2,744.64,0.10549,0.56262,0.90251,1.5953,0.33755,0.56859,0.52565,0.68932
0.49515,0.4107,7.3,5,858.4,0.16612,0.62483,0.91265,1.5615,0.4407,0.74631,0.35444,0.6227
0.46721,0.87967,7.3,5,745.75,0.048174,0.47357,0.79818,1.5102,0.38524,0.49251,0.60593,0.53821
0.49404,0.67183,7.3,3,693.48,0.15586,0.47986,0.75807,1.5141,0.36864,0.43421,0.48725,0.48481
0.4104,0.79651,7.3,2,945.14,0.063355,0.60602,0.87721,1.868,0.34416,0.4252,0.47005,0.48629
0.28959,0.40899,7.3,2,568.29,0.23055,0.71206,0.91168,1.4436,0.6304,0.37174,0.35057,0.71515
0.42437,1.0922,7.3,5,981.51,0.17048,0.6298,1.0527,1.5924,0.42543,0.41379,0.55577,0.6044
0.35595,1.0141,7.3,2,1208.4,0.15626,0.52455,0.78606,1.3199,0.27152,0.54103,0.51537,0.71177
0.33034,1.0648,7.3,5,793.54,0.12754,0.30046,0.60591,1.1649,0.36242,0.53377,0.48623,0.70982
0.49394,0.92881,7.3,3,993.08,0.20931,0.36653,0.72519,1.3157,0.31877,0.65565,0.467,0.63027
0.37246,1.4998,7.3,5,610.99,0.15404,0.34672,0.55323,0.97378,0.46302,0.57907,0.8005,0.6904
0.38309,0.93311,7.3,5,861.64,0.056623,0.23724,0.63251,1.2311,0.39925,0.264,0.2872,0.61411
0.52359,0.58873,7.3,1,678.99,0.12704,0.6181,0.77045,1.64,0.25148,0.3669,0.82014,0.49077
0.48982,1.2568,7.3,3,756.52,0.13924,0.57471,0.83836,1.6933,0.4321,0.46921,0.77501,0.89953
0.25625,1.2166,7.3,4,660.65,0.11332,0.47536,0.74276,1.4952,0.47275,0.25478,0.58406,0.10323
0.25374,1.2139,7.3,3,960.91,0.1326,0.53256,0.83622,1.3709,0.16004,0.33883,0.74627,0.80638
0.30855,1.1933,7.3,1,693.05,0.11859,0.45889,0.81519,1.6238,0.59562,0.18695,0.5888,0.41437
